devicepositionID,humanpositionID,X,Y,Hamada-1_timestamp_101,Hamada-1_RSSI_101,Hamada-1_RTT_101,Hamada-a_timestamp_101,Hamada-a_RSSI_101,Hamada-a_RTT_101,Hamada-b_timestamp_101,Hamada-b_RSSI_101,Hamada-b_RTT_101,Hamada-c_timestamp_101,Hamada-c_RSSI_101,Hamada-c_RTT_101,Hamada-d_timestamp_101,Hamada-d_RSSI_101,Hamada-d_RTT_101,Hamada-w_timestamp_101,Hamada-w_RSSI_101,Hamada-w_RTT_101,Hamada-x_timestamp_101,Hamada-x_RSSI_101,Hamada-x_RTT_101,Hamada-y_timestamp_101,Hamada-y_RSSI_101,Hamada-y_RTT_101,Hamada-z_timestamp_101,Hamada-z_RSSI_101,Hamada-z_RTT_101,ref_ts,Hamada-1_timestamp_102,Hamada-1_RSSI_102,Hamada-1_RTT_102,Hamada-a_timestamp_102,Hamada-a_RSSI_102,Hamada-a_RTT_102,Hamada-b_timestamp_102,Hamada-b_RSSI_102,Hamada-b_RTT_102,Hamada-c_timestamp_102,Hamada-c_RSSI_102,Hamada-c_RTT_102,Hamada-d_timestamp_102,Hamada-d_RSSI_102,Hamada-d_RTT_102,Hamada-w_timestamp_102,Hamada-w_RSSI_102,Hamada-w_RTT_102,Hamada-x_timestamp_102,Hamada-x_RSSI_102,Hamada-x_RTT_102,Hamada-y_timestamp_102,Hamada-y_RSSI_102,Hamada-y_RTT_102,Hamada-z_timestamp_102,Hamada-z_RSSI_102,Hamada-z_RTT_102,Hamada-1_timestamp_103,Hamada-1_RSSI_103,Hamada-1_RTT_103,Hamada-a_timestamp_103,Hamada-a_RSSI_103,Hamada-a_RTT_103,Hamada-b_timestamp_103,Hamada-b_RSSI_103,Hamada-b_RTT_103,Hamada-c_timestamp_103,Hamada-c_RSSI_103,Hamada-c_RTT_103,Hamada-d_timestamp_103,Hamada-d_RSSI_103,Hamada-d_RTT_103,Hamada-w_timestamp_103,Hamada-w_RSSI_103,Hamada-w_RTT_103,Hamada-x_timestamp_103,Hamada-x_RSSI_103,Hamada-x_RTT_103,Hamada-y_timestamp_103,Hamada-y_RSSI_103,Hamada-y_RTT_103,Hamada-z_timestamp_103,Hamada-z_RSSI_103,Hamada-z_RTT_103,Hamada-1_timestamp_104,Hamada-1_RSSI_104,Hamada-1_RTT_104,Hamada-a_timestamp_104,Hamada-a_RSSI_104,Hamada-a_RTT_104,Hamada-b_timestamp_104,Hamada-b_RSSI_104,Hamada-b_RTT_104,Hamada-c_timestamp_104,Hamada-c_RSSI_104,Hamada-c_RTT_104,Hamada-d_timestamp_104,Hamada-d_RSSI_104,Hamada-d_RTT_104,Hamada-w_timestamp_104,Hamada-w_RSSI_104,Hamada-w_RTT_104,Hamada-x_timestamp_104,Hamada-x_RSSI_104,Hamada-x_RTT_104,Hamada-y_timestamp_104,Hamada-y_RSSI_104,Hamada-y_RTT_104,Hamada-z_timestamp_104,Hamada-z_RSSI_104,Hamada-z_RTT_104,Hamada-1_timestamp_105,Hamada-1_RSSI_105,Hamada-1_RTT_105,Hamada-a_timestamp_105,Hamada-a_RSSI_105,Hamada-a_RTT_105,Hamada-b_timestamp_105,Hamada-b_RSSI_105,Hamada-b_RTT_105,Hamada-c_timestamp_105,Hamada-c_RSSI_105,Hamada-c_RTT_105,Hamada-d_timestamp_105,Hamada-d_RSSI_105,Hamada-d_RTT_105,Hamada-w_timestamp_105,Hamada-w_RSSI_105,Hamada-w_RTT_105,Hamada-x_timestamp_105,Hamada-x_RSSI_105,Hamada-x_RTT_105,Hamada-y_timestamp_105,Hamada-y_RSSI_105,Hamada-y_RTT_105,Hamada-z_timestamp_105,Hamada-z_RSSI_105,Hamada-z_RTT_105,Hamada-1_timestamp_106,Hamada-1_RSSI_106,Hamada-1_RTT_106,Hamada-a_timestamp_106,Hamada-a_RSSI_106,Hamada-a_RTT_106,Hamada-b_timestamp_106,Hamada-b_RSSI_106,Hamada-b_RTT_106,Hamada-c_timestamp_106,Hamada-c_RSSI_106,Hamada-c_RTT_106,Hamada-d_timestamp_106,Hamada-d_RSSI_106,Hamada-d_RTT_106,Hamada-w_timestamp_106,Hamada-w_RSSI_106,Hamada-w_RTT_106,Hamada-x_timestamp_106,Hamada-x_RSSI_106,Hamada-x_RTT_106,Hamada-y_timestamp_106,Hamada-y_RSSI_106,Hamada-y_RTT_106,Hamada-z_timestamp_106,Hamada-z_RSSI_106,Hamada-z_RTT_106,Hamada-1_timestamp_107,Hamada-1_RSSI_107,Hamada-1_RTT_107,Hamada-a_timestamp_107,Hamada-a_RSSI_107,Hamada-a_RTT_107,Hamada-b_timestamp_107,Hamada-b_RSSI_107,Hamada-b_RTT_107,Hamada-c_timestamp_107,Hamada-c_RSSI_107,Hamada-c_RTT_107,Hamada-d_timestamp_107,Hamada-d_RSSI_107,Hamada-d_RTT_107,Hamada-w_timestamp_107,Hamada-w_RSSI_107,Hamada-w_RTT_107,Hamada-x_timestamp_107,Hamada-x_RSSI_107,Hamada-x_RTT_107,Hamada-y_timestamp_107,Hamada-y_RSSI_107,Hamada-y_RTT_107,Hamada-z_timestamp_107,Hamada-z_RSSI_107,Hamada-z_RTT_107,Hamada-1_timestamp_108,Hamada-1_RSSI_108,Hamada-1_RTT_108,Hamada-a_timestamp_108,Hamada-a_RSSI_108,Hamada-a_RTT_108,Hamada-b_timestamp_108,Hamada-b_RSSI_108,Hamada-b_RTT_108,Hamada-c_timestamp_108,Hamada-c_RSSI_108,Hamada-c_RTT_108,Hamada-d_timestamp_108,Hamada-d_RSSI_108,Hamada-d_RTT_108,Hamada-w_timestamp_108,Hamada-w_RSSI_108,Hamada-w_RTT_108,Hamada-x_timestamp_108,Hamada-x_RSSI_108,Hamada-x_RTT_108,Hamada-y_timestamp_108,Hamada-y_RSSI_108,Hamada-y_RTT_108,Hamada-z_timestamp_108,Hamada-z_RSSI_108,Hamada-z_RTT_108,Hamada-1_timestamp_110,Hamada-1_RSSI_110,Hamada-1_RTT_110,Hamada-a_timestamp_110,Hamada-a_RSSI_110,Hamada-a_RTT_110,Hamada-b_timestamp_110,Hamada-b_RSSI_110,Hamada-b_RTT_110,Hamada-c_timestamp_110,Hamada-c_RSSI_110,Hamada-c_RTT_110,Hamada-d_timestamp_110,Hamada-d_RSSI_110,Hamada-d_RTT_110,Hamada-w_timestamp_110,Hamada-w_RSSI_110,Hamada-w_RTT_110,Hamada-x_timestamp_110,Hamada-x_RSSI_110,Hamada-x_RTT_110,Hamada-y_timestamp_110,Hamada-y_RSSI_110,Hamada-y_RTT_110,Hamada-z_timestamp_110,Hamada-z_RSSI_110,Hamada-z_RTT_110
101,2,1851.0,4036.0,2022-12-23 04:09:45.048,-60.0,2.7912643486181373e-08,2022-12-23 04:09:45.049,-58.0,1.960689751574737e-08,2022-12-23 04:09:45.048,-51.0,1.7428723974103445e-08,2022-12-23 04:09:45.045,-65.0,3.522103281197288e-08,2022-12-23 04:09:45.050,-66.0,4.907394968555213e-08,2022-12-23 04:09:45.047,-75.0,6.569878419022803e-08,2022-12-23 04:09:45.046,-63.0,5.853382742537172e-08,2022-12-23 04:09:45.046,-70.0,7.195311097519338e-08,2022-12-23 04:09:45.047,-64.0,5.1432247838603066e-08,2022-12-23 04:09:45.045,2022-12-23 04:09:44.977,-152.0,2.2702372319186228e-08,2022-12-23 04:09:44.979,-146.0,5.104197784722122e-08,2022-12-23 04:09:44.976,-149.0,5.493800647913564e-09,2022-12-23 04:09:44.978,-153.0,1.856284189777716e-08,,,,,,,2022-12-23 04:09:44.978,-148.0,2.804273348330864e-08,2022-12-23 04:09:44.978,-147.0,3.905701990675162e-08,2022-12-23 04:09:44.978,-150.0,2.875989628798467e-08,2022-12-23 04:09:44.998,-58.0,2.8172823480435923e-08,2022-12-23 04:09:44.999,-72.0,4.4400716711826025e-08,2022-12-23 04:09:44.997,-63.0,1.9813707254770243e-08,2022-12-23 04:09:44.993,-65.0,4.84501848275316e-08,2022-12-23 04:09:45.000,-53.0,5.427087828873934e-09,2022-12-23 04:09:44.996,-65.0,3.234237467041282e-08,2022-12-23 04:09:44.995,-60.0,3.647856945086991e-08,2022-12-23 04:09:44.994,-57.0,2.7652463491926805e-08,2022-12-23 04:09:44.996,-55.0,2.8563093471817762e-08,2022-12-23 04:09:45.540,-64.0,3.1952104679030984e-08,2022-12-23 04:09:45.540,-57.0,2.227207463638061e-08,2022-12-23 04:09:45.539,-60.0,2.6681791974900184e-08,2022-12-23 04:09:45.534,-57.0,2.3376171791486497e-08,2022-12-23 04:09:45.541,-66.0,4.6752343582972994e-08,2022-12-23 04:09:45.538,-67.0,8.876140573222828e-08,2022-12-23 04:09:45.537,-65.0,4.1365283445522834e-08,2022-12-23 04:09:45.536,-70.0,6.31603614257701e-08,2022-12-23 04:09:45.538,-68.0,4.49811182374708e-08,2022-12-23 04:09:45.336,-67.0,2.8172823480435923e-08,2022-12-23 04:09:45.336,-64.0,4.208911753210282e-08,2022-12-23 04:09:45.335,-56.0,1.996714673856138e-08,2022-12-23 04:09:45.329,-59.0,4.899722994365655e-08,2022-12-23 04:09:45.337,-54.0,1.2995657148920005e-08,2022-12-23 04:09:45.333,-65.0,2.9737239086915252e-08,2022-12-23 04:09:45.332,-57.0,1.8302661903522603e-08,2022-12-23 04:09:45.331,-56.0,2.8563093471817762e-08,2022-12-23 04:09:45.334,-47.0,6.577883957307558e-09,,,,,,,,,,2022-12-23 04:09:45.219,-63.0,6.318704655338595e-08,,,,,,,,,,2022-12-23 04:09:45.220,-56.0,6.771351132522487e-09,,,,2022-12-23 04:09:45.079,-67.0,3.208219467615826e-08,2022-12-23 04:09:45.080,-67.0,5.4407639567770586e-08,2022-12-23 04:09:45.078,-60.0,3.1641890070496704e-08,2022-12-23 04:09:45.072,-69.0,6.199622273352854e-08,2022-12-23 04:09:45.081,-59.0,3.2178928263765726e-08,2022-12-23 04:09:45.076,-67.0,1.4590093523967171e-08,2022-12-23 04:09:45.075,-63.0,3.729580148410538e-08,2022-12-23 04:09:45.074,-63.0,2.377644870572428e-08,2022-12-23 04:09:45.077,-54.0,1.3516017137429121e-08,2022-12-23 04:09:44.941,-62.0,1.99638110976094e-08,2022-12-23 04:09:44.944,-58.0,4.2852979310106594e-08,2022-12-23 04:09:44.939,-57.0,2.5774497635961213e-08,2022-12-23 04:09:44.929,-59.0,5.0661714778695344e-08,2022-12-23 04:09:44.946,-63.0,2.4470262023736435e-08,2022-12-23 04:09:44.936,-73.0,5.768657462356841e-08,2022-12-23 04:09:44.934,-54.0,5.1102019384356906e-09,2022-12-23 04:09:44.932,-63.0,3.3256340291255766e-08,2022-12-23 04:09:44.938,-55.0,1.4883629927741544e-08,2022-12-23 04:09:45.519,-55.0,2.8563093471817762e-08,2022-12-23 04:09:45.519,-60.0,4.62820182087436e-08,2022-12-23 04:09:45.518,-61.0,3.267593876561097e-08,2022-12-23 04:09:45.514,-51.0,2.4510289715160213e-08,2022-12-23 04:09:45.520,-65.0,4.052470192562349e-08,2022-12-23 04:09:45.517,-76.0,7.615601857469009e-08,2022-12-23 04:09:45.516,-66.0,2.087777671845233e-08,2022-12-23 04:09:45.516,-68.0,4.537472386980462e-08,2022-12-23 04:09:45.517,-65.0,4.6742336660117046e-08
101,2,1851.0,4036.0,2022-12-23 04:09:45.285,-60.0,2.7522373494799527e-08,2022-12-23 04:09:45.286,-58.0,1.9600226233843416e-08,2022-12-23 04:09:45.285,-51.0,1.7231921157936535e-08,2022-12-23 04:09:45.281,-65.0,3.6438541759446136e-08,2022-12-23 04:09:45.287,-66.0,4.8003208939966064e-08,2022-12-23 04:09:45.284,-75.0,6.569878419022803e-08,2022-12-23 04:09:45.283,-64.0,5.905418741388084e-08,2022-12-23 04:09:45.282,-70.0,7.130266098955698e-08,2022-12-23 04:09:45.284,-64.0,5.1528981426210536e-08,2022-12-23 04:09:45.281,2022-12-23 04:09:45.352,-151.0,2.253559027158715e-08,2022-12-23 04:09:45.356,-149.0,4.508118746603026e-08,2022-12-23 04:09:45.357,-149.0,6.067530891654387e-08,2022-12-23 04:09:45.354,-147.0,1.8265969853050805e-08,,,,2022-12-23 04:09:45.357,-148.0,3.1721945453344266e-08,2022-12-23 04:09:45.354,-146.0,2.7782553489054084e-08,2022-12-23 04:09:45.355,-148.0,3.8883566577248586e-08,2022-12-23 04:09:45.354,-148.0,2.8172823480435923e-08,2022-12-23 04:09:45.283,-58.0,2.8466359884210296e-08,2022-12-23 04:09:45.285,-71.0,4.2732896235835264e-08,2022-12-23 04:09:45.281,-61.0,1.9787022127154383e-08,2022-12-23 04:09:45.271,-63.0,4.9487569163597854e-08,2022-12-23 04:09:45.287,-52.0,5.403738342210063e-09,2022-12-23 04:09:45.277,-65.0,3.257253389609955e-08,2022-12-23 04:09:45.275,-60.0,3.667537226703682e-08,2022-12-23 04:09:45.273,-58.0,2.8693183468945044e-08,2022-12-23 04:09:45.278,-56.0,2.9443702683140883e-08,2022-12-23 04:09:45.540,-64.0,3.1952104679030984e-08,2022-12-23 04:09:45.540,-57.0,2.227207463638061e-08,2022-12-23 04:09:45.539,-60.0,2.6681791974900184e-08,2022-12-23 04:09:45.534,-57.0,2.3376171791486497e-08,2022-12-23 04:09:45.541,-66.0,4.6752343582972994e-08,2022-12-23 04:09:45.538,-67.0,8.876140573222828e-08,2022-12-23 04:09:45.537,-65.0,4.1365283445522834e-08,2022-12-23 04:09:45.536,-70.0,6.31603614257701e-08,2022-12-23 04:09:45.538,-68.0,4.49811182374708e-08,2022-12-23 04:09:45.336,-67.0,2.8172823480435923e-08,2022-12-23 04:09:45.336,-64.0,4.208911753210282e-08,2022-12-23 04:09:45.335,-56.0,1.996714673856138e-08,2022-12-23 04:09:45.329,-59.0,4.899722994365655e-08,2022-12-23 04:09:45.337,-54.0,1.2995657148920005e-08,2022-12-23 04:09:45.333,-65.0,2.9737239086915252e-08,2022-12-23 04:09:45.332,-57.0,1.8302661903522603e-08,2022-12-23 04:09:45.331,-56.0,2.8563093471817762e-08,2022-12-23 04:09:45.334,-47.0,6.577883957307558e-09,,,,,,,,,,2022-12-23 04:09:45.219,-63.0,6.318704655338595e-08,,,,,,,,,,2022-12-23 04:09:45.220,-56.0,6.771351132522487e-09,,,,2022-12-23 04:09:45.382,-67.0,3.2375731079932635e-08,2022-12-23 04:09:45.383,-66.0,5.53249408295655e-08,2022-12-23 04:09:45.381,-60.0,3.111152315913164e-08,2022-12-23 04:09:45.376,-69.0,5.7886713080687305e-08,2022-12-23 04:09:45.384,-59.0,3.1898734423799285e-08,2022-12-23 04:09:45.380,-67.0,1.4980363515349012e-08,2022-12-23 04:09:45.379,-63.0,3.7555981478359944e-08,2022-12-23 04:09:45.378,-63.0,2.3579645889557372e-08,2022-12-23 04:09:45.381,-54.0,1.3839574309771333e-08,2022-12-23 04:09:45.228,-62.0,1.9183271114845724e-08,2022-12-23 04:09:45.230,-58.0,4.248272316443664e-08,2022-12-23 04:09:45.226,-57.0,2.679186812631557e-08,2022-12-23 04:09:45.217,-60.0,4.9887846077835625e-08,2022-12-23 04:09:45.232,-62.0,2.3659701272404924e-08,2022-12-23 04:09:45.222,-74.0,5.761986180452878e-08,2022-12-23 04:09:45.220,-54.0,6.381081141140649e-09,2022-12-23 04:09:45.219,-63.0,3.3386430288383044e-08,2022-12-23 04:09:45.224,-55.0,1.2732141513713465e-08,2022-12-23 04:09:45.519,-55.0,2.8563093471817762e-08,2022-12-23 04:09:45.519,-60.0,4.62820182087436e-08,2022-12-23 04:09:45.518,-61.0,3.267593876561097e-08,2022-12-23 04:09:45.514,-51.0,2.4510289715160213e-08,2022-12-23 04:09:45.520,-65.0,4.052470192562349e-08,2022-12-23 04:09:45.517,-76.0,7.615601857469009e-08,2022-12-23 04:09:45.516,-66.0,2.087777671845233e-08,2022-12-23 04:09:45.516,-68.0,4.537472386980462e-08,2022-12-23 04:09:45.517,-65.0,4.6742336660117046e-08
101,2,1851.0,4036.0,2022-12-23 04:09:45.532,-61.0,2.804273348330864e-08,2022-12-23 04:09:45.533,-56.0,1.9550191619563693e-08,2022-12-23 04:09:45.532,-51.0,1.8429416259697905e-08,2022-12-23 04:09:45.526,-66.0,3.0824658037261234e-08,2022-12-23 04:09:45.534,-65.0,4.8887153792241184e-08,2022-12-23 04:09:45.530,-75.0,6.638259058538423e-08,2022-12-23 04:09:45.530,-64.0,5.8143557433989886e-08,2022-12-23 04:09:45.528,-70.0,7.195311097519338e-08,2022-12-23 04:09:45.531,-64.0,5.084517503105432e-08,2022-12-23 04:09:45.526,2022-12-23 04:09:45.352,-151.0,2.253559027158715e-08,2022-12-23 04:09:45.356,-149.0,4.508118746603026e-08,2022-12-23 04:09:45.357,-149.0,6.067530891654387e-08,2022-12-23 04:09:45.354,-147.0,1.8265969853050805e-08,,,,2022-12-23 04:09:45.357,-148.0,3.1721945453344266e-08,2022-12-23 04:09:45.354,-146.0,2.7782553489054084e-08,2022-12-23 04:09:45.355,-148.0,3.8883566577248586e-08,2022-12-23 04:09:45.354,-148.0,2.8172823480435923e-08,2022-12-23 04:09:45.524,-58.0,2.8272892708995372e-08,2022-12-23 04:09:45.525,-71.0,4.351677185955093e-08,2022-12-23 04:09:45.523,-63.0,1.9793693409058346e-08,2022-12-23 04:09:45.516,-65.0,4.8496883800859335e-08,2022-12-23 04:09:45.526,-51.0,5.3170116774585435e-09,2022-12-23 04:09:45.521,-64.0,3.2472464667540105e-08,2022-12-23 04:09:45.520,-60.0,3.696890867081119e-08,2022-12-23 04:09:45.518,-58.0,2.8433003474690484e-08,2022-12-23 04:09:45.522,-56.0,2.9346969095533416e-08,2022-12-23 04:09:45.540,-64.0,3.1952104679030984e-08,2022-12-23 04:09:45.540,-57.0,2.227207463638061e-08,2022-12-23 04:09:45.539,-60.0,2.6681791974900184e-08,2022-12-23 04:09:45.534,-57.0,2.3376171791486497e-08,2022-12-23 04:09:45.541,-66.0,4.6752343582972994e-08,2022-12-23 04:09:45.538,-67.0,8.876140573222828e-08,2022-12-23 04:09:45.537,-65.0,4.1365283445522834e-08,2022-12-23 04:09:45.536,-70.0,6.31603614257701e-08,2022-12-23 04:09:45.538,-68.0,4.49811182374708e-08,2022-12-23 04:09:45.594,-68.0,2.7392283497672245e-08,2022-12-23 04:09:45.595,-64.0,4.233929060350145e-08,2022-12-23 04:09:45.592,-57.0,1.875630907299209e-08,2022-12-23 04:09:45.586,-61.0,4.907061404460016e-08,2022-12-23 04:09:45.596,-54.0,1.1994964863325548e-08,2022-12-23 04:09:45.590,-66.0,2.983397267452272e-08,2022-12-23 04:09:45.589,-57.0,1.8596198307296976e-08,2022-12-23 04:09:45.588,-56.0,2.8563093471817762e-08,2022-12-23 04:09:45.590,-47.0,7.164956764856306e-09,2022-12-23 04:09:45.536,-69.0,5.0258102223505576e-08,2022-12-23 04:09:45.536,-68.0,6.065195942987998e-08,2022-12-23 04:09:45.535,-70.0,3.816973941352455e-08,2022-12-23 04:09:45.531,-61.0,6.303027142864283e-08,2022-12-23 04:09:45.537,-62.0,2.8089432456636385e-08,2022-12-23 04:09:45.534,-59.0,1.1234438726273762e-08,2022-12-23 04:09:45.533,-67.0,4.96743650569088e-08,2022-12-23 04:09:45.533,-56.0,7.848763160012518e-09,2022-12-23 04:09:45.535,-59.0,2.8172823480435923e-08,2022-12-23 04:09:45.643,-68.0,3.19854610885508e-08,2022-12-23 04:09:45.644,-66.0,5.5751902871419135e-08,2022-12-23 04:09:45.642,-61.0,3.0861350087733026e-08,2022-12-23 04:09:45.637,-69.0,7.754030956976243e-08,2022-12-23 04:09:45.644,-60.0,3.160186237907292e-08,2022-12-23 04:09:45.640,-67.0,1.5177166331515918e-08,2022-12-23 04:09:45.639,-62.0,3.7686071475487216e-08,2022-12-23 04:09:45.639,-63.0,2.2962552313440788e-08,2022-12-23 04:09:45.641,-55.0,1.357939431551677e-08,2022-12-23 04:09:45.476,-62.0,1.9053181117718445e-08,2022-12-23 04:09:45.477,-58.0,4.324324930148844e-08,2022-12-23 04:09:45.475,-57.0,2.696198581486663e-08,2022-12-23 04:09:45.468,-62.0,5.6218892604696544e-08,2022-12-23 04:09:45.478,-63.0,2.38998674209476e-08,2022-12-23 04:09:45.472,-74.0,5.722959181314695e-08,2022-12-23 04:09:45.471,-54.0,6.1842783249737394e-09,2022-12-23 04:09:45.470,-63.0,3.3386430288383044e-08,2022-12-23 04:09:45.474,-56.0,1.4753539930614264e-08,2022-12-23 04:09:45.519,-55.0,2.8563093471817762e-08,2022-12-23 04:09:45.519,-60.0,4.62820182087436e-08,2022-12-23 04:09:45.518,-61.0,3.267593876561097e-08,2022-12-23 04:09:45.514,-51.0,2.4510289715160213e-08,2022-12-23 04:09:45.520,-65.0,4.052470192562349e-08,2022-12-23 04:09:45.517,-76.0,7.615601857469009e-08,2022-12-23 04:09:45.516,-66.0,2.087777671845233e-08,2022-12-23 04:09:45.516,-68.0,4.537472386980462e-08,2022-12-23 04:09:45.517,-65.0,4.6742336660117046e-08
101,2,1851.0,4036.0,,,,,,,,,,2022-12-23 04:09:46.020,-66.0,3.5030901277709925e-08,,,,2022-12-23 04:09:46.022,-75.0,6.59923205940024e-08,2022-12-23 04:09:46.021,-63.0,5.853382742537172e-08,2022-12-23 04:09:46.021,-70.0,7.185637738758591e-08,,,,2022-12-23 04:09:46.020,2022-12-23 04:09:46.115,-148.0,2.2755742574417934e-08,2022-12-23 04:09:46.118,-147.0,4.866700148941038e-08,2022-12-23 04:09:46.119,-152.0,6.110560659934948e-08,2022-12-23 04:09:46.117,-152.0,1.7949083962612562e-08,,,,2022-12-23 04:09:46.118,-146.0,3.2695952611322864e-08,2022-12-23 04:09:46.116,-149.0,2.806274732902053e-08,2022-12-23 04:09:46.117,-151.0,3.889690914105651e-08,2022-12-23 04:09:46.116,-149.0,2.77258475928704e-08,2022-12-23 04:09:46.113,-58.0,3.5014223072950024e-08,2022-12-23 04:09:46.114,-71.0,4.32665987881523e-08,2022-12-23 04:09:46.112,-63.0,1.9780350845250418e-08,2022-12-23 04:09:46.106,-64.0,4.823670380660477e-08,2022-12-23 04:09:46.115,-53.0,5.186921680331264e-09,2022-12-23 04:09:46.110,-63.0,3.2375731079932635e-08,2022-12-23 04:09:46.109,-60.0,3.638183586326244e-08,2022-12-23 04:09:46.108,-58.0,2.8433003474690484e-08,2022-12-23 04:09:46.111,-56.0,2.9540436270748346e-08,,,,,,,,,,2022-12-23 04:09:45.900,-59.0,2.397992280379516e-08,,,,,,,2022-12-23 04:09:45.902,-65.0,4.159544267120957e-08,2022-12-23 04:09:45.901,-71.0,6.31603614257701e-08,,,,2022-12-23 04:09:45.878,-68.0,2.8172823480435923e-08,2022-12-23 04:09:45.879,-63.0,4.154540805692984e-08,2022-12-23 04:09:45.878,-56.0,1.8686260613000483e-08,2022-12-23 04:09:45.873,-61.0,4.897721609794468e-08,2022-12-23 04:09:45.880,-53.0,1.1858203584294305e-08,2022-12-23 04:09:45.876,-66.0,2.983397267452272e-08,2022-12-23 04:09:45.875,-57.0,1.7715589095973855e-08,2022-12-23 04:09:45.874,-55.0,2.8466359884210296e-08,2022-12-23 04:09:45.877,-46.0,6.1842783249737394e-09,,,,,,,,,,2022-12-23 04:09:46.143,-63.0,6.293687348198732e-08,,,,2022-12-23 04:09:46.146,-60.0,1.0680722328244829e-08,2022-12-23 04:09:46.145,-67.0,3.872679145250545e-08,2022-12-23 04:09:46.144,-56.0,7.651960343845609e-09,2022-12-23 04:09:46.147,-59.0,2.8433003474690484e-08,,,,,,,2022-12-23 04:09:45.927,-59.0,3.101812521247616e-08,2022-12-23 04:09:45.922,-69.0,7.7256780088844e-08,,,,2022-12-23 04:09:45.925,-66.0,1.4686827111574636e-08,2022-12-23 04:09:45.924,-62.0,3.664201585751701e-08,2022-12-23 04:09:45.923,-63.0,2.3286109485783e-08,2022-12-23 04:09:45.926,-54.0,1.3612750725036586e-08,2022-12-23 04:09:46.062,-61.0,1.9673610334787012e-08,2022-12-23 04:09:46.064,-58.0,4.2359304449213336e-08,2022-12-23 04:09:46.061,-58.0,2.683189581773936e-08,2022-12-23 04:09:46.053,-62.0,5.0301465555881334e-08,2022-12-23 04:09:46.065,-62.0,2.464371535323948e-08,2022-12-23 04:09:46.058,-73.0,4.9087292249360056e-08,2022-12-23 04:09:46.057,-54.0,5.763987565024067e-09,2022-12-23 04:09:46.055,-63.0,3.3256340291255766e-08,2022-12-23 04:09:46.060,-55.0,1.5013719924868824e-08,2022-12-23 04:09:45.868,-55.0,2.5927937119752362e-08,2022-12-23 04:09:45.869,-62.0,4.6799042556300735e-08,2022-12-23 04:09:45.867,-60.0,3.266593184275503e-08,2022-12-23 04:09:45.864,-51.0,2.4637044071335512e-08,2022-12-23 04:09:45.869,-65.0,5.2616400376556505e-08,2022-12-23 04:09:45.866,-77.0,8.172653896449923e-08,2022-12-23 04:09:45.865,-65.0,2.0617596724197778e-08,2022-12-23 04:09:45.865,-68.0,4.556819104501956e-08,2022-12-23 04:09:45.867,-66.0,4.4590848246088975e-08
101,2,1851.0,4036.0,2022-12-23 04:09:46.241,-60.0,2.7782553489054084e-08,2022-12-23 04:09:46.241,-58.0,1.88263575329837e-08,2022-12-23 04:09:46.240,-51.0,1.88263575329837e-08,2022-12-23 04:09:46.237,-65.0,3.5551261266219046e-08,2022-12-23 04:09:46.242,-66.0,4.851022636466725e-08,2022-12-23 04:09:46.239,-75.0,6.589558700639493e-08,2022-12-23 04:09:46.238,-63.0,5.892409741675358e-08,2022-12-23 04:09:46.238,-69.0,7.195311097519338e-08,2022-12-23 04:09:46.240,-64.0,5.136553501956344e-08,2022-12-23 04:09:46.237,2022-12-23 04:09:46.115,-148.0,2.2755742574417934e-08,2022-12-23 04:09:46.118,-147.0,4.866700148941038e-08,2022-12-23 04:09:46.119,-152.0,6.110560659934948e-08,2022-12-23 04:09:46.117,-152.0,1.7949083962612562e-08,,,,2022-12-23 04:09:46.118,-146.0,3.2695952611322864e-08,2022-12-23 04:09:46.116,-149.0,2.806274732902053e-08,2022-12-23 04:09:46.117,-151.0,3.889690914105651e-08,2022-12-23 04:09:46.116,-149.0,2.77258475928704e-08,2022-12-23 04:09:46.113,-58.0,3.5014223072950024e-08,2022-12-23 04:09:46.114,-71.0,4.32665987881523e-08,2022-12-23 04:09:46.112,-63.0,1.9780350845250418e-08,2022-12-23 04:09:46.106,-64.0,4.823670380660477e-08,2022-12-23 04:09:46.115,-53.0,5.186921680331264e-09,2022-12-23 04:09:46.110,-63.0,3.2375731079932635e-08,2022-12-23 04:09:46.109,-60.0,3.638183586326244e-08,2022-12-23 04:09:46.108,-58.0,2.8433003474690484e-08,2022-12-23 04:09:46.111,-56.0,2.9540436270748346e-08,2022-12-23 04:09:46.189,-64.0,3.2472464667540105e-08,2022-12-23 04:09:46.189,-57.0,2.2011894642126054e-08,2022-12-23 04:09:46.188,-60.0,2.6171438909247008e-08,2022-12-23 04:09:46.184,-59.0,2.4316822539945283e-08,2022-12-23 04:09:46.190,-67.0,4.649549922967041e-08,2022-12-23 04:09:46.187,-66.0,7.508194218815206e-08,2022-12-23 04:09:46.186,-66.0,4.159544267120957e-08,2022-12-23 04:09:46.186,-70.0,6.286682502199574e-08,2022-12-23 04:09:46.188,-68.0,4.478765106225589e-08,,,,,,,,,,2022-12-23 04:09:46.179,-62.0,4.919069711887149e-08,,,,,,,,,,2022-12-23 04:09:46.181,-56.0,2.8172823480435923e-08,,,,,,,,,,,,,2022-12-23 04:09:46.143,-63.0,6.293687348198732e-08,,,,2022-12-23 04:09:46.146,-60.0,1.0680722328244829e-08,2022-12-23 04:09:46.145,-67.0,3.872679145250545e-08,2022-12-23 04:09:46.144,-56.0,7.651960343845609e-09,2022-12-23 04:09:46.147,-59.0,2.8433003474690484e-08,,,,,,,,,,2022-12-23 04:09:46.229,-70.0,7.7256780088844e-08,,,,,,,,,,2022-12-23 04:09:46.231,-63.0,2.3092642310568077e-08,,,,2022-12-23 04:09:46.364,-61.0,1.8793001123463885e-08,2022-12-23 04:09:46.366,-58.0,4.171886138643289e-08,2022-12-23 04:09:46.362,-57.0,2.7088740171041927e-08,2022-12-23 04:09:46.351,-60.0,5.180250398427301e-08,2022-12-23 04:09:46.368,-64.0,2.4660393557999385e-08,2022-12-23 04:09:46.358,-74.0,4.947756224074189e-08,2022-12-23 04:09:46.356,-54.0,7.26169035246377e-09,2022-12-23 04:09:46.354,-63.0,3.2472464667540105e-08,2022-12-23 04:09:46.360,-55.0,1.4363269939232428e-08,2022-12-23 04:09:46.186,-55.0,2.7392283497672245e-08,2022-12-23 04:09:46.187,-60.0,4.725936100767418e-08,2022-12-23 04:09:46.185,-60.0,3.227232621042121e-08,2022-12-23 04:09:46.179,-51.0,2.4323493821849252e-08,2022-12-23 04:09:46.188,-65.0,4.1078418323652434e-08,2022-12-23 04:09:46.183,-77.0,7.625275216229756e-08,2022-12-23 04:09:46.182,-64.0,2.1137956712706892e-08,2022-12-23 04:09:46.181,-68.0,4.566492463262701e-08,2022-12-23 04:09:46.184,-66.0,4.120183703887575e-08
101,2,1851.0,4036.0,2022-12-23 04:09:46.493,-61.0,2.7195480681505336e-08,2022-12-23 04:09:46.493,-58.0,1.9133236500566e-08,2022-12-23 04:09:46.492,-52.0,1.733199038649598e-08,2022-12-23 04:09:46.488,-66.0,3.735584302124105e-08,2022-12-23 04:09:46.494,-66.0,4.820001175613297e-08,2022-12-23 04:09:46.491,-76.0,6.569878419022803e-08,2022-12-23 04:09:46.490,-64.0,5.8663917422499e-08,2022-12-23 04:09:46.489,-70.0,7.195311097519338e-08,2022-12-23 04:09:46.492,-65.0,5.136553501956344e-08,2022-12-23 04:09:46.488,2022-12-23 04:09:46.489,-147.0,2.253559027158715e-08,2022-12-23 04:09:46.492,-147.0,4.4200578254707126e-08,2022-12-23 04:09:46.493,-149.0,6.134577274789214e-08,2022-12-23 04:09:46.491,-148.0,1.7822329606437263e-08,,,,2022-12-23 04:09:46.492,-150.0,3.2115551085678084e-08,2022-12-23 04:09:46.490,-148.0,2.7979356305221e-08,2022-12-23 04:09:46.491,-147.0,3.883353196296886e-08,2022-12-23 04:09:46.490,-149.0,2.7652463491926805e-08,2022-12-23 04:09:46.407,-58.0,2.8369626296602832e-08,2022-12-23 04:09:46.408,-72.0,4.32132285329206e-08,2022-12-23 04:09:46.405,-62.0,2.0013845711889122e-08,2022-12-23 04:09:46.395,-64.0,4.8386807649443934e-08,2022-12-23 04:09:46.410,-53.0,5.036817837492096e-09,2022-12-23 04:09:46.401,-63.0,3.2375731079932635e-08,2022-12-23 04:09:46.399,-60.0,3.608829945948808e-08,2022-12-23 04:09:46.398,-58.0,2.7912643486181373e-08,2022-12-23 04:09:46.403,-57.0,3.003077549068963e-08,2022-12-23 04:09:46.441,-64.0,3.0617848298238376e-08,2022-12-23 04:09:46.441,-58.0,2.24188428382678e-08,2022-12-23 04:09:46.440,-59.0,2.6301528906374293e-08,2022-12-23 04:09:46.437,-59.0,2.3929888189515427e-08,2022-12-23 04:09:46.442,-65.0,4.649549922967041e-08,2022-12-23 04:09:46.439,-66.0,7.508194218815206e-08,2022-12-23 04:09:46.438,-66.0,4.185562266546412e-08,2022-12-23 04:09:46.438,-71.0,6.374409859236687e-08,2022-12-23 04:09:46.440,-68.0,4.4590848246088975e-08,2022-12-23 04:09:46.505,-67.0,2.8172823480435923e-08,2022-12-23 04:09:46.506,-63.0,4.20757749682949e-08,2022-12-23 04:09:46.504,-57.0,1.894310496630305e-08,2022-12-23 04:09:46.496,-58.0,4.860028867037077e-08,2022-12-23 04:09:46.507,-53.0,1.2525331774690609e-08,2022-12-23 04:09:46.500,-66.0,3.0127509078297094e-08,2022-12-23 04:09:46.498,-57.0,1.7879035502620952e-08,2022-12-23 04:09:46.497,-55.0,2.8172823480435923e-08,2022-12-23 04:09:46.501,-47.0,6.477814728748113e-09,2022-12-23 04:09:46.438,-68.0,5.211605423375928e-08,2022-12-23 04:09:46.439,-68.0,6.065195942987998e-08,2022-12-23 04:09:46.438,-72.0,3.816973941352455e-08,2022-12-23 04:09:46.434,-63.0,6.266335092392486e-08,2022-12-23 04:09:46.440,-62.0,2.8769903210840613e-08,2022-12-23 04:09:46.437,-60.0,1.0777455915852292e-08,2022-12-23 04:09:46.436,-67.0,4.99645658197312e-08,2022-12-23 04:09:46.435,-56.0,7.585247524805978e-09,2022-12-23 04:09:46.437,-59.0,2.8696519109897024e-08,2022-12-23 04:09:46.522,-67.0,3.2375731079932635e-08,2022-12-23 04:09:46.523,-67.0,5.5334947752421443e-08,2022-12-23 04:09:46.521,-61.0,3.1248284438162885e-08,2022-12-23 04:09:46.517,-70.0,5.65157646494229e-08,2022-12-23 04:09:46.523,-59.0,3.178865827238389e-08,2022-12-23 04:09:46.520,-67.0,1.5080432743908455e-08,2022-12-23 04:09:46.519,-62.0,3.677210585464428e-08,2022-12-23 04:09:46.519,-63.0,2.3386178714342442e-08,2022-12-23 04:09:46.521,-54.0,1.3839574309771333e-08,2022-12-23 04:09:46.625,-61.0,1.9053181117718445e-08,2022-12-23 04:09:46.627,-59.0,4.3316633402432026e-08,2022-12-23 04:09:46.624,-57.0,2.5897916351184533e-08,2022-12-23 04:09:46.613,-62.0,5.353370163835144e-08,2022-12-23 04:09:46.629,-65.0,2.4063313827594688e-08,2022-12-23 04:09:46.620,-74.0,5.853382742537172e-08,2022-12-23 04:09:46.618,-54.0,5.894077562151346e-09,2022-12-23 04:09:46.616,-63.0,3.29961602970012e-08,2022-12-23 04:09:46.622,-56.0,1.5013719924868824e-08,2022-12-23 04:09:46.453,-55.0,2.83029134775632e-08,2022-12-23 04:09:46.454,-60.0,4.520460618125356e-08,2022-12-23 04:09:46.453,-60.0,3.22022777504296e-08,2022-12-23 04:09:46.449,-51.0,2.500396457605348e-08,2022-12-23 04:09:46.454,-66.0,4.142198934170652e-08,2022-12-23 04:09:46.451,-76.0,7.615601857469009e-08,2022-12-23 04:09:46.451,-65.0,2.1268046709834174e-08,2022-12-23 04:09:46.450,-68.0,4.5861727448793935e-08,2022-12-23 04:09:46.452,-66.0,4.19857126625914e-08
101,2,1851.0,4036.0,2022-12-23 04:09:46.701,-60.0,2.7652463491926805e-08,2022-12-23 04:09:46.701,-58.0,1.898646829867881e-08,2022-12-23 04:09:46.700,-51.0,1.7231921157936535e-08,2022-12-23 04:09:46.697,-65.0,3.772943480786298e-08,2022-12-23 04:09:46.702,-66.0,5.2703127041308026e-08,2022-12-23 04:09:46.699,-75.0,6.579885341878749e-08,2022-12-23 04:09:46.699,-63.0,5.8273647431117184e-08,2022-12-23 04:09:46.698,-70.0,7.156284098381154e-08,2022-12-23 04:09:46.700,-64.0,5.1528981426210536e-08,2022-12-23 04:09:46.697,2022-12-23 04:09:46.489,-147.0,2.253559027158715e-08,2022-12-23 04:09:46.492,-147.0,4.4200578254707126e-08,2022-12-23 04:09:46.493,-149.0,6.134577274789214e-08,2022-12-23 04:09:46.491,-148.0,1.7822329606437263e-08,,,,2022-12-23 04:09:46.492,-150.0,3.2115551085678084e-08,2022-12-23 04:09:46.490,-148.0,2.7979356305221e-08,2022-12-23 04:09:46.491,-147.0,3.883353196296886e-08,2022-12-23 04:09:46.490,-149.0,2.7652463491926805e-08,,,,,,,2022-12-23 04:09:46.670,-62.0,1.999049622522525e-08,2022-12-23 04:09:46.664,-65.0,4.8590281747514815e-08,,,,2022-12-23 04:09:46.669,-64.0,3.2375731079932635e-08,2022-12-23 04:09:46.668,-60.0,3.696890867081119e-08,2022-12-23 04:09:46.666,-58.0,3.71657114869781e-08,2022-12-23 04:09:46.670,-56.0,2.2568946681106973e-08,2022-12-23 04:09:46.730,-65.0,2.9934041903082175e-08,2022-12-23 04:09:46.730,-58.0,2.16249602916962e-08,2022-12-23 04:09:46.729,-59.0,2.6451632749213456e-08,2022-12-23 04:09:46.724,-59.0,2.4076656391402616e-08,2022-12-23 04:09:46.731,-65.0,4.67156515325012e-08,2022-12-23 04:09:46.727,-66.0,7.482176219389749e-08,2022-12-23 04:09:46.727,-66.0,4.126854985791537e-08,2022-12-23 04:09:46.725,-70.0,6.345389782954446e-08,2022-12-23 04:09:46.728,-68.0,4.488438464986334e-08,2022-12-23 04:09:46.725,-67.0,2.8563093471817762e-08,2022-12-23 04:09:46.726,-63.0,4.2349297526357394e-08,2022-12-23 04:09:46.724,-57.0,1.831934010828251e-08,2022-12-23 04:09:46.718,-61.0,4.8987223020800617e-08,2022-12-23 04:09:46.727,-54.0,1.3139089709855212e-08,2022-12-23 04:09:46.722,-65.0,2.9250235507925963e-08,2022-12-23 04:09:46.721,-58.0,1.820592831591514e-08,2022-12-23 04:09:46.720,-55.0,2.8369626296602832e-08,2022-12-23 04:09:46.723,-47.0,6.868084720129951e-09,2022-12-23 04:09:46.710,-69.0,5.191925141759237e-08,2022-12-23 04:09:46.711,-68.0,6.165265171547444e-08,2022-12-23 04:09:46.709,-71.0,3.874680529821734e-08,2022-12-23 04:09:46.704,-63.0,6.317703963053e-08,2022-12-23 04:09:46.712,-63.0,2.9450373965044845e-08,2022-12-23 04:09:46.708,-60.0,1.0877525144411738e-08,2022-12-23 04:09:46.707,-67.0,4.628535384969559e-08,2022-12-23 04:09:46.706,-56.0,8.13896392283491e-09,2022-12-23 04:09:46.708,-59.0,2.7912643486181373e-08,2022-12-23 04:09:46.860,-67.0,3.208219467615826e-08,,,,2022-12-23 04:09:46.859,-61.0,3.1945433397127025e-08,2022-12-23 04:09:46.854,-70.0,5.765988949595256e-08,,,,2022-12-23 04:09:46.858,-67.0,1.4686827111574636e-08,2022-12-23 04:09:46.856,-63.0,3.729580148410538e-08,2022-12-23 04:09:46.855,-63.0,2.289583949440116e-08,2022-12-23 04:09:46.858,-54.0,1.357939431551677e-08,2022-12-23 04:09:46.625,-61.0,1.9053181117718445e-08,2022-12-23 04:09:46.627,-59.0,4.3316633402432026e-08,2022-12-23 04:09:46.624,-57.0,2.5897916351184533e-08,2022-12-23 04:09:46.613,-62.0,5.353370163835144e-08,2022-12-23 04:09:46.629,-65.0,2.4063313827594688e-08,2022-12-23 04:09:46.620,-74.0,5.853382742537172e-08,2022-12-23 04:09:46.618,-54.0,5.894077562151346e-09,2022-12-23 04:09:46.616,-63.0,3.29961602970012e-08,2022-12-23 04:09:46.622,-56.0,1.5013719924868824e-08,2022-12-23 04:09:46.702,-54.0,2.8172823480435923e-08,2022-12-23 04:09:46.703,-61.0,4.459418388704095e-08,2022-12-23 04:09:46.701,-60.0,3.334306695600728e-08,2022-12-23 04:09:46.695,-51.0,2.42601166437616e-08,2022-12-23 04:09:46.704,-65.0,4.101504114556477e-08,2022-12-23 04:09:46.699,-76.0,7.674309138223885e-08,2022-12-23 04:09:46.698,-65.0,2.0617596724197778e-08,2022-12-23 04:09:46.696,-68.0,4.537472386980462e-08,2022-12-23 04:09:46.700,-66.0,4.556819104501956e-08
101,2,1851.0,4036.0,2022-12-23 04:09:46.965,-60.0,2.7392283497672245e-08,2022-12-23 04:09:46.966,-59.0,1.930001854816508e-08,2022-12-23 04:09:46.964,-52.0,1.7715589095973855e-08,2022-12-23 04:09:46.961,-66.0,3.971747681524396e-08,2022-12-23 04:09:46.966,-64.0,4.8023222785677954e-08,2022-12-23 04:09:46.963,-76.0,6.530851419884619e-08,2022-12-23 04:09:46.962,-64.0,5.8663917422499e-08,2022-12-23 04:09:46.962,-69.0,7.1659574571419e-08,2022-12-23 04:09:46.964,-64.0,5.1528981426210536e-08,2022-12-23 04:09:46.961,2022-12-23 04:09:46.935,-147.0,2.2702372319186228e-08,2022-12-23 04:09:46.937,-151.0,5.0958586823421686e-08,2022-12-23 04:09:46.937,-152.0,6.055189020132055e-08,2022-12-23 04:09:46.936,-150.0,1.8135879855923533e-08,,,,2022-12-23 04:09:46.937,-149.0,3.2282333133277155e-08,2022-12-23 04:09:46.936,-152.0,2.8466359884210296e-08,2022-12-23 04:09:46.936,-149.0,3.852331735443458e-08,2022-12-23 04:09:46.935,-148.0,2.7312228114824693e-08,,,,,,,2022-12-23 04:09:46.980,-63.0,1.9977153661417327e-08,2022-12-23 04:09:46.976,-64.0,4.8410157136107814e-08,,,,2022-12-23 04:09:46.979,-64.0,3.2178928263765726e-08,2022-12-23 04:09:46.978,-60.0,3.6578638679429363e-08,2022-12-23 04:09:46.977,-58.0,2.7912643486181373e-08,2022-12-23 04:09:46.979,-57.0,3.4233683090186346e-08,,,,,,,,,,2022-12-23 04:09:47.027,-59.0,2.3836490242859943e-08,,,,,,,2022-12-23 04:09:47.029,-66.0,4.159544267120957e-08,2022-12-23 04:09:47.028,-71.0,6.325709501337757e-08,,,,2022-12-23 04:09:47.003,-68.0,3.0911384702012755e-08,2022-12-23 04:09:47.003,-63.0,4.222254317018209e-08,2022-12-23 04:09:47.002,-56.0,1.880300804631983e-08,2022-12-23 04:09:46.997,-61.0,4.9217382246487335e-08,2022-12-23 04:09:47.004,-54.0,1.2745484077521391e-08,2022-12-23 04:09:47.000,-66.0,2.9540436270748346e-08,2022-12-23 04:09:46.999,-58.0,1.8402731132082053e-08,2022-12-23 04:09:46.999,-55.0,2.8466359884210296e-08,2022-12-23 04:09:47.001,-47.0,6.381081141140649e-09,2022-12-23 04:09:46.936,-68.0,5.055163862727994e-08,2022-12-23 04:09:46.936,-68.0,6.084542660509491e-08,2022-12-23 04:09:46.935,-70.0,3.8863552731536695e-08,2022-12-23 04:09:46.930,-63.0,6.277009143438826e-08,2022-12-23 04:09:46.937,-63.0,2.974057472786724e-08,2022-12-23 04:09:46.934,-60.0,1.0974258732019205e-08,2022-12-23 04:09:46.932,-66.0,4.850021944181131e-08,2022-12-23 04:09:46.931,-56.0,7.945496747619981e-09,2022-12-23 04:09:46.934,-59.0,2.7979356305221e-08,2022-12-23 04:09:46.860,-67.0,3.208219467615826e-08,,,,2022-12-23 04:09:46.859,-61.0,3.1945433397127025e-08,2022-12-23 04:09:46.854,-70.0,5.765988949595256e-08,,,,2022-12-23 04:09:46.858,-67.0,1.4686827111574636e-08,2022-12-23 04:09:46.856,-63.0,3.729580148410538e-08,2022-12-23 04:09:46.855,-63.0,2.289583949440116e-08,2022-12-23 04:09:46.858,-54.0,1.357939431551677e-08,2022-12-23 04:09:46.867,-61.0,1.970363110335484e-08,2022-12-23 04:09:46.869,-59.0,4.2859650592010566e-08,2022-12-23 04:09:46.866,-57.0,2.4710428172279105e-08,2022-12-23 04:09:46.857,-60.0,5.509811724483075e-08,2022-12-23 04:09:46.870,-64.0,2.4283466130425468e-08,2022-12-23 04:09:46.863,-73.0,4.6742336660117046e-08,2022-12-23 04:09:46.862,-54.0,6.868084720129951e-09,2022-12-23 04:09:46.860,-62.0,3.286273465892194e-08,2022-12-23 04:09:46.865,-56.0,1.527389991912338e-08,,,,,,,,,,2022-12-23 04:09:46.991,-51.0,2.526414457030804e-08,,,,2022-12-23 04:09:46.994,-77.0,7.664635779463138e-08,2022-12-23 04:09:46.994,-64.0,2.1007866715579617e-08,2022-12-23 04:09:46.993,-68.0,4.556819104501956e-08,2022-12-23 04:09:46.995,-66.0,4.644880025634267e-08
101,2,1851.0,4036.0,2022-12-23 04:09:47.235,-60.0,2.7392283497672245e-08,2022-12-23 04:09:47.235,-58.0,1.950682828718793e-08,2022-12-23 04:09:47.234,-52.0,1.757215653503865e-08,2022-12-23 04:09:47.230,-66.0,3.597822330807268e-08,2022-12-23 04:09:47.236,-66.0,4.7246018443866266e-08,2022-12-23 04:09:47.233,-75.0,6.569878419022803e-08,2022-12-23 04:09:47.232,-63.0,5.8663917422499e-08,2022-12-23 04:09:47.231,-70.0,7.175964379997844e-08,2022-12-23 04:09:47.233,-65.0,5.1235445022436164e-08,2022-12-23 04:09:47.230,2022-12-23 04:09:47.308,-147.0,2.2702372319186228e-08,,,,2022-12-23 04:09:47.307,-147.0,5.3970670603061e-09,,,,,,,,,,,,,,,,,,,2022-12-23 04:09:47.259,-58.0,2.875989628798467e-08,2022-12-23 04:09:47.262,-72.0,4.3109823663409175e-08,2022-12-23 04:09:47.258,-63.0,1.9390080853868585e-08,2022-12-23 04:09:47.248,-64.0,4.820668303803693e-08,2022-12-23 04:09:47.263,-52.0,5.437094751729878e-09,2022-12-23 04:09:47.254,-63.0,3.257253389609955e-08,2022-12-23 04:09:47.252,-60.0,3.6872175083203736e-08,2022-12-23 04:09:47.251,-58.0,2.804273348330864e-08,2022-12-23 04:09:47.256,-57.0,2.758908631383916e-08,2022-12-23 04:09:47.395,-64.0,3.1691924684776433e-08,2022-12-23 04:09:47.395,-58.0,1.834268959494638e-08,2022-12-23 04:09:47.394,-59.0,2.6638428642524423e-08,2022-12-23 04:09:47.392,-59.0,2.393989511237137e-08,,,,2022-12-23 04:09:47.393,-65.0,7.508194218815206e-08,2022-12-23 04:09:47.393,-65.0,5.0064635048290643e-08,2022-12-23 04:09:47.393,-71.0,6.325709501337757e-08,2022-12-23 04:09:47.394,0.0,0.0,2022-12-23 04:09:47.272,-67.0,2.856642911276974e-08,2022-12-23 04:09:47.272,-63.0,4.2162501633046426e-08,2022-12-23 04:09:47.271,-56.0,1.954685597861171e-08,2022-12-23 04:09:47.267,-60.0,5.006797068924263e-08,2022-12-23 04:09:47.273,-52.0,1.215173998806868e-08,2022-12-23 04:09:47.270,-67.0,2.9250235507925963e-08,2022-12-23 04:09:47.269,-57.0,1.869293189490444e-08,2022-12-23 04:09:47.269,-54.0,2.8563093471817762e-08,2022-12-23 04:09:47.271,-47.0,5.894077562151346e-09,,,,,,,,,,2022-12-23 04:09:47.223,-64.0,6.288350322675562e-08,,,,,,,,,,2022-12-23 04:09:47.225,-56.0,7.555226756238144e-09,,,,2022-12-23 04:09:47.506,-68.0,3.19854610885508e-08,2022-12-23 04:09:47.507,-69.0,5.390729342497336e-08,2022-12-23 04:09:47.505,-60.0,3.1475108022897633e-08,2022-12-23 04:09:47.499,-70.0,7.76403787983219e-08,2022-12-23 04:09:47.507,-58.0,3.18053364771438e-08,2022-12-23 04:09:47.503,-67.0,1.478689634013408e-08,2022-12-23 04:09:47.502,-63.0,3.7425891481232665e-08,2022-12-23 04:09:47.501,-63.0,2.3286109485783e-08,2022-12-23 04:09:47.504,-54.0,7.26169035246377e-09,,,,,,,2022-12-23 04:09:47.130,-58.0,2.6825224535835387e-08,2022-12-23 04:09:47.121,-61.0,6.104222942126184e-08,,,,2022-12-23 04:09:47.127,-73.0,5.605878183900143e-08,2022-12-23 04:09:47.125,-55.0,6.477814728748113e-09,2022-12-23 04:09:47.123,-63.0,3.273264466179466e-08,2022-12-23 04:09:47.128,-56.0,1.527389991912338e-08,2022-12-23 04:09:47.302,-55.0,2.556768789693836e-08,2022-12-23 04:09:47.303,-60.0,4.538473079266057e-08,2022-12-23 04:09:47.301,-59.0,3.2132229290437985e-08,2022-12-23 04:09:47.297,-51.0,2.4510289715160213e-08,2022-12-23 04:09:47.303,-64.0,4.101504114556477e-08,2022-12-23 04:09:47.300,-76.0,7.605928498708266e-08,2022-12-23 04:09:47.299,-65.0,2.1007866715579617e-08,2022-12-23 04:09:47.298,-68.0,4.537472386980462e-08,2022-12-23 04:09:47.301,-66.0,4.381030826332529e-08
101,2,1851.0,4036.0,2022-12-23 04:09:47.712,-61.0,2.7522373494799527e-08,2022-12-23 04:09:47.712,-58.0,1.8883063429167392e-08,2022-12-23 04:09:47.711,-52.0,1.7558813971230723e-08,2022-12-23 04:09:47.707,-66.0,3.6561960474669456e-08,2022-12-23 04:09:47.713,-66.0,4.8690350976074255e-08,2022-12-23 04:09:47.710,-76.0,6.55053170150131e-08,2022-12-23 04:09:47.709,-63.0,5.670923182463783e-08,2022-12-23 04:09:47.708,-70.0,7.234338096657521e-08,2022-12-23 04:09:47.711,-64.0,5.18225178299849e-08,2022-12-23 04:09:47.707,,,,,,,2022-12-23 04:09:47.678,-152.0,5.563849107905176e-09,,,,,,,,,,,,,,,,,,,2022-12-23 04:09:47.774,-58.0,2.8663162700377205e-08,2022-12-23 04:09:47.776,-71.0,4.302976828056161e-08,2022-12-23 04:09:47.773,-63.0,1.9586883670035488e-08,2022-12-23 04:09:47.764,-63.0,4.82133543199409e-08,2022-12-23 04:09:47.778,-52.0,4.926741686076706e-09,2022-12-23 04:09:47.770,-64.0,3.2669267483707014e-08,2022-12-23 04:09:47.768,-61.0,3.696890867081119e-08,2022-12-23 04:09:47.766,-58.0,2.7522373494799527e-08,2022-12-23 04:09:47.771,-57.0,2.7879287076661547e-08,,,,,,,,,,2022-12-23 04:09:47.675,-58.0,2.4063313827594688e-08,,,,,,,,,,,,,,,,2022-12-23 04:09:47.577,-67.0,2.7912643486181373e-08,2022-12-23 04:09:47.578,-63.0,4.195235625307159e-08,2022-12-23 04:09:47.575,-56.0,1.8999810862486743e-08,2022-12-23 04:09:47.569,-61.0,4.987450351402769e-08,2022-12-23 04:09:47.578,-53.0,1.2221788448060293e-08,2022-12-23 04:09:47.574,-67.0,2.9053432691759044e-08,2022-12-23 04:09:47.573,-57.0,1.7912391912140764e-08,2022-12-23 04:09:47.571,-55.0,2.8369626296602832e-08,2022-12-23 04:09:47.575,-47.0,5.99081114975881e-09,2022-12-23 04:09:47.843,-69.0,5.29966634450824e-08,2022-12-23 04:09:47.844,-68.0,6.098552352507815e-08,2022-12-23 04:09:47.842,-70.0,3.856000940490637e-08,2022-12-23 04:09:47.837,-63.0,6.349726116192023e-08,2022-12-23 04:09:47.845,-63.0,2.9276920635541813e-08,2022-12-23 04:09:47.840,-60.0,1.0777455915852292e-08,2022-12-23 04:09:47.839,-66.0,4.563490386405919e-08,2022-12-23 04:09:47.838,-56.0,7.651960343845609e-09,2022-12-23 04:09:47.841,-59.0,2.8172823480435923e-08,2022-12-23 04:09:47.755,-67.0,3.1888727500943336e-08,2022-12-23 04:09:47.756,-68.0,5.464780571631325e-08,2022-12-23 04:09:47.755,-60.0,3.163188314764076e-08,2022-12-23 04:09:47.751,-70.0,7.804065571255966e-08,2022-12-23 04:09:47.757,-59.0,3.1892063141895325e-08,2022-12-23 04:09:47.753,-67.0,1.478689634013408e-08,2022-12-23 04:09:47.753,-63.0,3.6905531492723545e-08,2022-12-23 04:09:47.752,-64.0,2.3189375898175533e-08,2022-12-23 04:09:47.754,-55.0,1.357939431551677e-08,2022-12-23 04:09:47.652,-62.0,1.8923091120591167e-08,2022-12-23 04:09:47.654,-58.0,6.287349630389968e-08,2022-12-23 04:09:47.651,-58.0,2.7212158886265243e-08,2022-12-23 04:09:47.643,-61.0,4.844684918657961e-08,2022-12-23 04:09:47.655,-63.0,2.2548932835395082e-08,2022-12-23 04:09:47.648,-72.0,5.644905183038328e-08,2022-12-23 04:09:47.647,-53.0,5.894077562151346e-09,2022-12-23 04:09:47.646,-63.0,3.273264466179466e-08,2022-12-23 04:09:47.650,-56.0,1.5143809921996103e-08,2022-12-23 04:09:47.780,-55.0,2.5534331487418544e-08,2022-12-23 04:09:47.781,-61.0,4.66422674315576e-08,2022-12-23 04:09:47.779,-62.0,3.2399080566596515e-08,2022-12-23 04:09:47.773,-51.0,2.4243438439001693e-08,2022-12-23 04:09:47.782,-64.0,4.102504806842072e-08,2022-12-23 04:09:47.777,-77.0,8.465856736129099e-08,2022-12-23 04:09:47.776,-65.0,3.227899749232517e-08,2022-12-23 04:09:47.775,-67.0,4.556819104501956e-08,2022-12-23 04:09:47.778,-67.0,4.6545533843950136e-08
101,2,1851.0,4036.0,2022-12-23 04:09:47.928,-61.0,2.7262193500544973e-08,2022-12-23 04:09:47.928,-59.0,1.9166592910085816e-08,2022-12-23 04:09:47.927,-52.0,1.7458744742671277e-08,2022-12-23 04:09:47.924,-66.0,3.6865503801299763e-08,2022-12-23 04:09:47.929,-66.0,4.7903139711406624e-08,2022-12-23 04:09:47.926,-76.0,6.579885341878749e-08,2022-12-23 04:09:47.925,-64.0,5.6579141827510573e-08,2022-12-23 04:09:47.924,-70.0,7.1659574571419e-08,2022-12-23 04:09:47.926,-64.0,5.1528981426210536e-08,2022-12-23 04:09:47.924,2022-12-23 04:09:48.069,-147.0,2.2422178479219783e-08,,,,2022-12-23 04:09:48.069,-149.0,5.640568849800751e-09,2022-12-23 04:09:48.071,-149.0,1.783567217024519e-08,,,,,,,2022-12-23 04:09:48.070,-147.0,2.8453017320402374e-08,2022-12-23 04:09:48.071,-149.0,3.860003709633016e-08,2022-12-23 04:09:48.070,-149.0,2.8119453225204217e-08,2022-12-23 04:09:48.007,-58.0,2.856642911276974e-08,2022-12-23 04:09:48.008,-70.0,4.3053117767225486e-08,2022-12-23 04:09:48.006,-64.0,1.9013153426294668e-08,2022-12-23 04:09:48.000,-64.0,4.8190004833277024e-08,2022-12-23 04:09:48.009,-52.0,5.216942448899098e-09,2022-12-23 04:09:48.004,-64.0,3.257253389609955e-08,2022-12-23 04:09:48.003,-61.0,3.726244507458557e-08,2022-12-23 04:09:48.001,-57.0,2.8433003474690484e-08,2022-12-23 04:09:48.005,-57.0,3.0127509078297094e-08,2022-12-23 04:09:47.958,-64.0,2.9640505499307792e-08,2022-12-23 04:09:47.959,-57.0,2.1751714647871497e-08,2022-12-23 04:09:47.958,-59.0,2.65883940282447e-08,2022-12-23 04:09:47.955,-60.0,2.3673043836212853e-08,2022-12-23 04:09:47.959,-65.0,4.6612246662989774e-08,2022-12-23 04:09:47.957,-66.0,7.573239217378846e-08,2022-12-23 04:09:47.956,-66.0,4.120517267982772e-08,2022-12-23 04:09:47.956,-71.0,6.36473650047594e-08,2022-12-23 04:09:47.957,-68.0,4.4690917474648415e-08,,,,,,,,,,2022-12-23 04:09:48.198,-61.0,5.0271444787313495e-08,,,,,,,2022-12-23 04:09:48.200,-58.0,1.8499464719689512e-08,2022-12-23 04:09:48.199,-55.0,2.8563093471817762e-08,,,,2022-12-23 04:09:47.843,-69.0,5.29966634450824e-08,2022-12-23 04:09:47.844,-68.0,6.098552352507815e-08,2022-12-23 04:09:47.842,-70.0,3.856000940490637e-08,2022-12-23 04:09:47.837,-63.0,6.349726116192023e-08,2022-12-23 04:09:47.845,-63.0,2.9276920635541813e-08,2022-12-23 04:09:47.840,-60.0,1.0777455915852292e-08,2022-12-23 04:09:47.839,-66.0,4.563490386405919e-08,2022-12-23 04:09:47.838,-56.0,7.651960343845609e-09,2022-12-23 04:09:47.841,-59.0,2.8172823480435923e-08,2022-12-23 04:09:48.058,-67.0,3.19854610885508e-08,2022-12-23 04:09:48.058,-68.0,5.470117597154495e-08,2022-12-23 04:09:48.057,-60.0,3.1391716999098095e-08,2022-12-23 04:09:48.052,-70.0,5.798011102734279e-08,2022-12-23 04:09:48.059,-59.0,3.1892063141895325e-08,2022-12-23 04:09:48.055,-67.0,1.4590093523967171e-08,2022-12-23 04:09:48.054,-63.0,3.703228584889884e-08,2022-12-23 04:09:48.053,-64.0,2.250556950301932e-08,2022-12-23 04:09:48.056,-55.0,1.3709484312644049e-08,2022-12-23 04:09:47.946,-62.0,1.9280004702453187e-08,2022-12-23 04:09:47.948,-59.0,4.288967136057839e-08,2022-12-23 04:09:47.944,-57.0,2.71120896577058e-08,2022-12-23 04:09:47.935,-61.0,5.59787264561539e-08,2022-12-23 04:09:47.950,-63.0,2.399326536760308e-08,2022-12-23 04:09:47.941,-73.0,3.6872175083203736e-08,2022-12-23 04:09:47.939,-54.0,5.633897567896788e-09,2022-12-23 04:09:47.937,-63.0,3.273264466179466e-08,2022-12-23 04:09:47.943,-56.0,1.5143809921996103e-08,2022-12-23 04:09:48.060,-55.0,2.8172823480435923e-08,2022-12-23 04:09:48.061,-60.0,4.5871734371649883e-08,2022-12-23 04:09:48.060,-61.0,3.3463150030278624e-08,2022-12-23 04:09:48.056,-51.0,2.47471202227509e-08,2022-12-23 04:09:48.062,-65.0,3.94606324619414e-08,2022-12-23 04:09:48.058,-77.0,8.436503095751662e-08,2022-12-23 04:09:48.058,-65.0,2.0747686721325056e-08,2022-12-23 04:09:48.057,-68.0,4.488438464986334e-08,2022-12-23 04:09:48.059,-66.0,4.4070488257579854e-08
101,2,1851.0,4036.0,2022-12-23 04:09:48.158,-60.0,2.7002013506290413e-08,2022-12-23 04:09:48.158,-58.0,1.92599908567413e-08,2022-12-23 04:09:48.157,-51.0,1.7428723974103445e-08,2022-12-23 04:09:48.153,-66.0,3.93138642600542e-08,2022-12-23 04:09:48.159,-65.0,5.086518887676621e-08,2022-12-23 04:09:48.156,-76.0,6.511504702363126e-08,2022-12-23 04:09:48.155,-63.0,5.892409741675358e-08,2022-12-23 04:09:48.154,-70.0,7.185637738758591e-08,2022-12-23 04:09:48.156,-64.0,5.110535502530889e-08,2022-12-23 04:09:48.153,2022-12-23 04:09:48.069,-147.0,2.2422178479219783e-08,,,,2022-12-23 04:09:48.069,-149.0,5.640568849800751e-09,2022-12-23 04:09:48.071,-149.0,1.783567217024519e-08,,,,,,,2022-12-23 04:09:48.070,-147.0,2.8453017320402374e-08,2022-12-23 04:09:48.071,-149.0,3.860003709633016e-08,2022-12-23 04:09:48.070,-149.0,2.8119453225204217e-08,2022-12-23 04:09:48.251,-58.0,2.8859965516544124e-08,2022-12-23 04:09:48.252,-71.0,4.3043110844369544e-08,2022-12-23 04:09:48.250,-65.0,1.919327803770168e-08,2022-12-23 04:09:48.247,-64.0,4.8216689960892894e-08,2022-12-23 04:09:48.252,-52.0,4.920070404172743e-09,2022-12-23 04:09:48.249,-63.0,3.2375731079932635e-08,2022-12-23 04:09:48.249,-61.0,3.872679145250545e-08,2022-12-23 04:09:48.248,-57.0,2.804273348330864e-08,2022-12-23 04:09:48.250,-56.0,2.9934041903082175e-08,2022-12-23 04:09:47.958,-64.0,2.9640505499307792e-08,2022-12-23 04:09:47.959,-57.0,2.1751714647871497e-08,2022-12-23 04:09:47.958,-59.0,2.65883940282447e-08,2022-12-23 04:09:47.955,-60.0,2.3673043836212853e-08,2022-12-23 04:09:47.959,-65.0,4.6612246662989774e-08,2022-12-23 04:09:47.957,-66.0,7.573239217378846e-08,2022-12-23 04:09:47.956,-66.0,4.120517267982772e-08,2022-12-23 04:09:47.956,-71.0,6.36473650047594e-08,2022-12-23 04:09:47.957,-68.0,4.4690917474648415e-08,,,,,,,,,,2022-12-23 04:09:48.198,-61.0,5.0271444787313495e-08,,,,,,,2022-12-23 04:09:48.200,-58.0,1.8499464719689512e-08,2022-12-23 04:09:48.199,-55.0,2.8563093471817762e-08,,,,2022-12-23 04:09:48.117,-69.0,5.13355142509956e-08,2022-12-23 04:09:48.118,-68.0,6.110227095839749e-08,2022-12-23 04:09:48.116,-70.0,3.8553338123002415e-08,2022-12-23 04:09:48.111,-63.0,6.266335092392486e-08,2022-12-23 04:09:48.118,-63.0,2.954377191170033e-08,2022-12-23 04:09:48.114,-60.0,1.0877525144411738e-08,2022-12-23 04:09:48.113,-66.0,4.810994945042948e-08,2022-12-23 04:09:48.113,-57.0,7.748693931453072e-09,2022-12-23 04:09:48.115,-59.0,2.8172823480435923e-08,2022-12-23 04:09:48.058,-67.0,3.19854610885508e-08,2022-12-23 04:09:48.058,-68.0,5.470117597154495e-08,2022-12-23 04:09:48.057,-60.0,3.1391716999098095e-08,2022-12-23 04:09:48.052,-70.0,5.798011102734279e-08,2022-12-23 04:09:48.059,-59.0,3.1892063141895325e-08,2022-12-23 04:09:48.055,-67.0,1.4590093523967171e-08,2022-12-23 04:09:48.054,-63.0,3.703228584889884e-08,2022-12-23 04:09:48.053,-64.0,2.250556950301932e-08,2022-12-23 04:09:48.056,-55.0,1.3709484312644049e-08,2022-12-23 04:09:48.191,-62.0,2.009390109473668e-08,2022-12-23 04:09:48.192,-58.0,4.272288931297932e-08,2022-12-23 04:09:48.189,-58.0,2.6838567099643315e-08,2022-12-23 04:09:48.182,-61.0,5.0481590167288335e-08,2022-12-23 04:09:48.193,-63.0,2.3729749732396538e-08,2022-12-23 04:09:48.187,-73.0,4.7913146634262566e-08,2022-12-23 04:09:48.185,-55.0,5.894077562151346e-09,2022-12-23 04:09:48.184,-62.0,3.3256340291255766e-08,2022-12-23 04:09:48.188,-56.0,1.5013719924868824e-08,2022-12-23 04:09:48.060,-55.0,2.8172823480435923e-08,2022-12-23 04:09:48.061,-60.0,4.5871734371649883e-08,2022-12-23 04:09:48.060,-61.0,3.3463150030278624e-08,2022-12-23 04:09:48.056,-51.0,2.47471202227509e-08,2022-12-23 04:09:48.062,-65.0,3.94606324619414e-08,2022-12-23 04:09:48.058,-77.0,8.436503095751662e-08,2022-12-23 04:09:48.058,-65.0,2.0747686721325056e-08,2022-12-23 04:09:48.057,-68.0,4.488438464986334e-08,2022-12-23 04:09:48.059,-66.0,4.4070488257579854e-08
101,2,1851.0,4036.0,2022-12-23 04:09:48.385,-60.0,2.7522373494799527e-08,2022-12-23 04:09:48.386,-58.0,1.9406759058628493e-08,2022-12-23 04:09:48.384,-51.0,1.75454714074228e-08,2022-12-23 04:09:48.380,-65.0,3.9480646307653286e-08,2022-12-23 04:09:48.386,-65.0,5.272647652797189e-08,2022-12-23 04:09:48.383,-76.0,6.511504702363126e-08,2022-12-23 04:09:48.382,-64.0,5.8273647431117184e-08,2022-12-23 04:09:48.381,-70.0,7.185637738758591e-08,2022-12-23 04:09:48.383,-64.0,5.175914065189725e-08,2022-12-23 04:09:48.380,2022-12-23 04:09:48.447,-149.0,2.2702372319186228e-08,2022-12-23 04:09:48.449,-148.0,5.084517503105432e-08,2022-12-23 04:09:48.450,-147.0,6.184611889068937e-08,2022-12-23 04:09:48.448,-150.0,1.8175907547347304e-08,,,,2022-12-23 04:09:48.450,-152.0,3.2472464667540105e-08,2022-12-23 04:09:48.448,-148.0,2.7705833747158508e-08,2022-12-23 04:09:48.449,-153.0,3.8763483502977256e-08,2022-12-23 04:09:48.448,-151.0,2.8229529376619612e-08,2022-12-23 04:09:48.491,-58.0,2.8272892708995372e-08,2022-12-23 04:09:48.492,-71.0,4.3089809817697284e-08,2022-12-23 04:09:48.490,-64.0,1.9099880091046186e-08,2022-12-23 04:09:48.485,-64.0,4.860362431132273e-08,2022-12-23 04:09:48.493,-52.0,5.323682959362507e-09,2022-12-23 04:09:48.489,-63.0,3.208219467615826e-08,2022-12-23 04:09:48.488,-61.0,3.6872175083203736e-08,2022-12-23 04:09:48.487,-57.0,2.7782553489054084e-08,2022-12-23 04:09:48.489,-55.0,2.9250235507925963e-08,2022-12-23 04:09:48.570,-65.0,3.0421045482071474e-08,2022-12-23 04:09:48.570,-57.0,2.31426769248478e-08,2022-12-23 04:09:48.569,-59.0,2.6661778129188293e-08,2022-12-23 04:09:48.564,-59.0,2.393989511237137e-08,2022-12-23 04:09:48.571,-65.0,4.688243358010027e-08,2022-12-23 04:09:48.568,-66.0,7.664635779463138e-08,2022-12-23 04:09:48.567,-66.0,4.2115802659718686e-08,2022-12-23 04:09:48.566,-71.0,6.322373860385774e-08,2022-12-23 04:09:48.568,-68.0,4.49811182374708e-08,2022-12-23 04:09:48.480,-67.0,2.8172823480435923e-08,2022-12-23 04:09:48.481,-63.0,4.18055880511844e-08,2022-12-23 04:09:48.480,-57.0,1.916325726913384e-08,2022-12-23 04:09:48.474,-62.0,4.921404660553535e-08,2022-12-23 04:09:48.482,-54.0,1.2618729721346092e-08,2022-12-23 04:09:48.478,-66.0,2.9250235507925963e-08,2022-12-23 04:09:48.477,-58.0,1.761885550836639e-08,2022-12-23 04:09:48.476,-55.0,2.88266091070243e-08,2022-12-23 04:09:48.479,-47.0,6.154257556405905e-09,2022-12-23 04:09:48.415,-69.0,4.96743650569088e-08,2022-12-23 04:09:48.416,-68.0,6.11222848041094e-08,2022-12-23 04:09:48.415,-70.0,3.873012709345744e-08,2022-12-23 04:09:48.412,-62.0,6.295021604579525e-08,2022-12-23 04:09:48.416,-63.0,2.9763924214531108e-08,2022-12-23 04:09:48.414,-60.0,1.0680722328244829e-08,2022-12-23 04:09:48.413,-67.0,4.185562266546412e-08,2022-12-23 04:09:48.413,-57.0,7.748693931453072e-09,2022-12-23 04:09:48.414,-59.0,2.804273348330864e-08,2022-12-23 04:09:48.655,-68.0,3.227899749232517e-08,2022-12-23 04:09:48.655,-67.0,5.4641134434409287e-08,2022-12-23 04:09:48.654,-60.0,3.153181391908132e-08,2022-12-23 04:09:48.649,-71.0,5.8453772042524166e-08,2022-12-23 04:09:48.656,-59.0,3.2415758771356416e-08,2022-12-23 04:09:48.652,-67.0,1.4686827111574636e-08,2022-12-23 04:09:48.652,-62.0,3.6511925860389726e-08,2022-12-23 04:09:48.651,-63.0,2.3286109485783e-08,2022-12-23 04:09:48.653,-54.0,1.3319214321262212e-08,2022-12-23 04:09:48.520,-61.0,1.9770343922394472e-08,2022-12-23 04:09:48.522,-64.0,6.199622273352854e-08,2022-12-23 04:09:48.519,-57.0,2.0300710833759532e-08,2022-12-23 04:09:48.509,-61.0,4.958096711025333e-08,2022-12-23 04:09:48.523,-63.0,2.301592256867249e-08,2022-12-23 04:09:48.516,-73.0,4.322323545577655e-08,2022-12-23 04:09:48.514,-55.0,6.771351132522487e-09,2022-12-23 04:09:48.512,-62.0,3.3646610282637595e-08,2022-12-23 04:09:48.518,-56.0,1.4623449933486983e-08,2022-12-23 04:09:48.291,-55.0,2.8693183468945044e-08,2022-12-23 04:09:48.292,-61.0,4.8186669192325055e-08,2022-12-23 04:09:48.291,-61.0,3.2085530317110245e-08,2022-12-23 04:09:48.287,-51.0,2.4603687661815696e-08,2022-12-23 04:09:48.292,-64.0,4.008439731996193e-08,2022-12-23 04:09:48.290,-76.0,8.299741816720419e-08,2022-12-23 04:09:48.289,-65.0,2.087777671845233e-08,2022-12-23 04:09:48.289,-68.0,4.537472386980462e-08,2022-12-23 04:09:48.290,-67.0,4.1335262676955e-08
101,2,1851.0,4036.0,2022-12-23 04:09:48.638,-60.0,2.7782553489054084e-08,2022-12-23 04:09:48.638,-58.0,1.87362952272802e-08,2022-12-23 04:09:48.637,-52.0,1.7435395256007407e-08,2022-12-23 04:09:48.634,-66.0,3.6041600486160335e-08,2022-12-23 04:09:48.639,-66.0,4.8486876878003386e-08,2022-12-23 04:09:48.636,-75.0,6.501497779507183e-08,2022-12-23 04:09:48.635,-64.0,5.644905183038328e-08,2022-12-23 04:09:48.635,-70.0,7.175964379997844e-08,2022-12-23 04:09:48.637,-64.0,5.0975265028181593e-08,2022-12-23 04:09:48.634,2022-12-23 04:09:48.742,-148.0,2.2308766686852412e-08,2022-12-23 04:09:48.744,-149.0,5.012801222637829e-08,2022-12-23 04:09:48.745,-151.0,6.134243710694016e-08,2022-12-23 04:09:48.743,-147.0,1.8282648057810723e-08,,,,2022-12-23 04:09:48.745,-148.0,3.2725973379890696e-08,2022-12-23 04:09:48.743,-150.0,2.806274732902053e-08,2022-12-23 04:09:48.744,-147.0,3.7966265315453664e-08,2022-12-23 04:09:48.743,-150.0,2.8453017320402374e-08,2022-12-23 04:09:48.733,-59.0,2.8956699104151584e-08,2022-12-23 04:09:48.734,-72.0,4.45308067089533e-08,2022-12-23 04:09:48.731,-63.0,2.0070551608072807e-08,2022-12-23 04:09:48.724,-64.0,4.814330585994928e-08,2022-12-23 04:09:48.736,-52.0,5.216942448899098e-09,2022-12-23 04:09:48.729,-64.0,3.2375731079932635e-08,2022-12-23 04:09:48.728,-61.0,3.76527150659674e-08,2022-12-23 04:09:48.726,-57.0,2.8563093471817762e-08,2022-12-23 04:09:48.730,-56.0,2.9053432691759044e-08,2022-12-23 04:09:48.570,-65.0,3.0421045482071474e-08,2022-12-23 04:09:48.570,-57.0,2.31426769248478e-08,2022-12-23 04:09:48.569,-59.0,2.6661778129188293e-08,2022-12-23 04:09:48.564,-59.0,2.393989511237137e-08,2022-12-23 04:09:48.571,-65.0,4.688243358010027e-08,2022-12-23 04:09:48.568,-66.0,7.664635779463138e-08,2022-12-23 04:09:48.567,-66.0,4.2115802659718686e-08,2022-12-23 04:09:48.566,-71.0,6.322373860385774e-08,2022-12-23 04:09:48.568,-68.0,4.49811182374708e-08,2022-12-23 04:09:48.741,-67.0,2.856642911276974e-08,2022-12-23 04:09:48.742,-63.0,4.206576804543896e-08,2022-12-23 04:09:48.740,-57.0,1.870961009966436e-08,2022-12-23 04:09:48.736,-60.0,4.91339912226878e-08,2022-12-23 04:09:48.742,-53.0,1.1664736409079377e-08,2022-12-23 04:09:48.739,-66.0,2.9540436270748346e-08,2022-12-23 04:09:48.738,-57.0,1.869293189490444e-08,2022-12-23 04:09:48.737,-55.0,2.8369626296602832e-08,2022-12-23 04:09:48.740,-47.0,6.674617544915023e-09,2022-12-23 04:09:48.712,-70.0,5.2409590637533654e-08,2022-12-23 04:09:48.713,-68.0,6.093548891079841e-08,2022-12-23 04:09:48.712,-72.0,3.843325504873109e-08,2022-12-23 04:09:48.708,-63.0,6.30502852743547e-08,,,,2022-12-23 04:09:48.711,-60.0,1.1267795135793575e-08,2022-12-23 04:09:48.710,-67.0,5.1725784242377446e-08,2022-12-23 04:09:48.709,-57.0,7.845427519060537e-09,2022-12-23 04:09:48.711,-59.0,2.8693183468945044e-08,2022-12-23 04:09:48.655,-68.0,3.227899749232517e-08,2022-12-23 04:09:48.655,-67.0,5.4641134434409287e-08,2022-12-23 04:09:48.654,-60.0,3.153181391908132e-08,2022-12-23 04:09:48.649,-71.0,5.8453772042524166e-08,2022-12-23 04:09:48.656,-59.0,3.2415758771356416e-08,2022-12-23 04:09:48.652,-67.0,1.4686827111574636e-08,2022-12-23 04:09:48.652,-62.0,3.6511925860389726e-08,2022-12-23 04:09:48.651,-63.0,2.3286109485783e-08,2022-12-23 04:09:48.653,-54.0,1.3319214321262212e-08,2022-12-23 04:09:48.520,-61.0,1.9770343922394472e-08,2022-12-23 04:09:48.522,-64.0,6.199622273352854e-08,2022-12-23 04:09:48.519,-57.0,2.0300710833759532e-08,2022-12-23 04:09:48.509,-61.0,4.958096711025333e-08,2022-12-23 04:09:48.523,-63.0,2.301592256867249e-08,2022-12-23 04:09:48.516,-73.0,4.322323545577655e-08,2022-12-23 04:09:48.514,-55.0,6.771351132522487e-09,2022-12-23 04:09:48.512,-62.0,3.3646610282637595e-08,2022-12-23 04:09:48.518,-56.0,1.4623449933486983e-08,2022-12-23 04:09:48.551,-55.0,2.8466359884210296e-08,2022-12-23 04:09:48.551,-60.0,4.725268972577023e-08,2022-12-23 04:09:48.550,-61.0,3.27793436351224e-08,2022-12-23 04:09:48.547,-51.0,2.5450940463619002e-08,2022-12-23 04:09:48.552,-65.0,4.0598086026567094e-08,2022-12-23 04:09:48.549,-76.0,8.319088534241913e-08,2022-12-23 04:09:48.549,-65.0,2.04875067270705e-08,2022-12-23 04:09:48.548,-69.0,4.537472386980462e-08,2022-12-23 04:09:48.550,-66.0,4.6545533843950136e-08
101,2,1851.0,4036.0,2022-12-23 04:09:48.903,-61.0,2.768581990144662e-08,2022-12-23 04:09:48.903,-58.0,1.9560198542419635e-08,2022-12-23 04:09:48.902,-51.0,1.7425388333151462e-08,2022-12-23 04:09:48.898,-67.0,4.051469500276756e-08,2022-12-23 04:09:48.904,-66.0,5.249965294323715e-08,2022-12-23 04:09:48.901,-76.0,6.608905418160986e-08,2022-12-23 04:09:48.900,-64.0,5.6839321821765124e-08,2022-12-23 04:09:48.899,-70.0,5.2799860628915496e-08,2022-12-23 04:09:48.901,-64.0,5.136553501956344e-08,2022-12-23 04:09:48.898,2022-12-23 04:09:48.742,-148.0,2.2308766686852412e-08,2022-12-23 04:09:48.744,-149.0,5.012801222637829e-08,2022-12-23 04:09:48.745,-151.0,6.134243710694016e-08,2022-12-23 04:09:48.743,-147.0,1.8282648057810723e-08,,,,2022-12-23 04:09:48.745,-148.0,3.2725973379890696e-08,2022-12-23 04:09:48.743,-150.0,2.806274732902053e-08,2022-12-23 04:09:48.744,-147.0,3.7966265315453664e-08,2022-12-23 04:09:48.743,-150.0,2.8453017320402374e-08,2022-12-23 04:09:48.991,-58.0,2.8663162700377205e-08,2022-12-23 04:09:48.992,-72.0,4.6181948980184164e-08,2022-12-23 04:09:48.991,-64.0,1.92599908567413e-08,2022-12-23 04:09:48.983,-63.0,4.830675226659639e-08,2022-12-23 04:09:48.993,-53.0,4.910063481316798e-09,2022-12-23 04:09:48.987,-64.0,3.227899749232517e-08,2022-12-23 04:09:48.986,-61.0,3.696890867081119e-08,2022-12-23 04:09:48.985,-58.0,2.8172823480435923e-08,2022-12-23 04:09:48.989,-56.0,2.7002013506290413e-08,2022-12-23 04:09:48.806,-65.0,3.234237467041282e-08,2022-12-23 04:09:48.807,-58.0,2.2542261553491123e-08,2022-12-23 04:09:48.806,-59.0,2.6681791974900184e-08,2022-12-23 04:09:48.801,-59.0,2.408666331425856e-08,2022-12-23 04:09:48.808,-65.0,4.5945118472593467e-08,2022-12-23 04:09:48.804,-66.0,7.508194218815206e-08,2022-12-23 04:09:48.804,-66.0,4.172553266833685e-08,2022-12-23 04:09:48.803,-71.0,6.325709501337757e-08,2022-12-23 04:09:48.805,-68.0,4.556819104501956e-08,,,,,,,,,,2022-12-23 04:09:49.028,-60.0,4.986449659117175e-08,,,,,,,2022-12-23 04:09:49.031,-57.0,1.8596198307296976e-08,2022-12-23 04:09:49.030,-55.0,2.8563093471817762e-08,,,,,,,,,,,,,2022-12-23 04:09:49.027,-62.0,6.251991836298964e-08,,,,,,,,,,,,,,,,2022-12-23 04:09:48.900,-68.0,3.208219467615826e-08,2022-12-23 04:09:48.901,-67.0,5.3897286502117413e-08,2022-12-23 04:09:48.899,-59.0,3.227232621042121e-08,2022-12-23 04:09:48.894,-70.0,7.747026110977081e-08,2022-12-23 04:09:48.902,-59.0,3.131166161625053e-08,2022-12-23 04:09:48.897,-66.0,1.4686827111574636e-08,2022-12-23 04:09:48.896,-63.0,3.7425891481232665e-08,2022-12-23 04:09:48.895,-64.0,2.3386178714342442e-08,2022-12-23 04:09:48.898,-54.0,1.3059034327007653e-08,2022-12-23 04:09:48.799,-60.0,1.9443451109100284e-08,2022-12-23 04:09:48.800,-59.0,4.2619484443467886e-08,2022-12-23 04:09:48.797,-58.0,2.6815217612979442e-08,2022-12-23 04:09:48.786,-61.0,5.289659421652295e-08,2022-12-23 04:09:48.801,-63.0,2.299257308200862e-08,2022-12-23 04:09:48.793,-73.0,3.774944865357487e-08,2022-12-23 04:09:48.791,-54.0,5.894077562151346e-09,2022-12-23 04:09:48.789,-61.0,3.286273465892194e-08,2022-12-23 04:09:48.795,-55.0,1.3969664306898608e-08,,,,,,,,,,2022-12-23 04:09:48.853,-50.0,2.5274151493163983e-08,,,,2022-12-23 04:09:48.856,-77.0,7.840424057632564e-08,2022-12-23 04:09:48.855,-65.0,2.0747686721325056e-08,2022-12-23 04:09:48.854,-68.0,4.556819104501956e-08,2022-12-23 04:09:48.856,-67.0,4.5371388228852646e-08
101,2,1851.0,4036.0,2022-12-23 04:09:49.130,-60.0,2.7652463491926805e-08,2022-12-23 04:09:49.130,-58.0,1.9406759058628493e-08,2022-12-23 04:09:49.129,-52.0,1.7155201416040963e-08,2022-12-23 04:09:49.125,-66.0,3.745591224980049e-08,2022-12-23 04:09:49.131,-66.0,4.7816413046655096e-08,2022-12-23 04:09:49.127,-75.0,6.579885341878749e-08,2022-12-23 04:09:49.127,-63.0,5.8663917422499e-08,2022-12-23 04:09:49.126,-70.0,7.145943611430012e-08,2022-12-23 04:09:49.128,-64.0,5.18225178299849e-08,2022-12-23 04:09:49.125,2022-12-23 04:09:49.137,-152.0,2.0971174665107825e-08,2022-12-23 04:09:49.139,-149.0,5.067839298345525e-08,2022-12-23 04:09:49.140,-151.0,5.972465124522912e-08,2022-12-23 04:09:49.138,-147.0,1.81592293425874e-08,,,,2022-12-23 04:09:49.140,-156.0,3.150846443241744e-08,2022-12-23 04:09:49.138,-152.0,2.7392283497672245e-08,2022-12-23 04:09:49.139,-149.0,3.8886902218200575e-08,2022-12-23 04:09:49.138,-150.0,2.983397267452272e-08,2022-12-23 04:09:48.991,-58.0,2.8663162700377205e-08,2022-12-23 04:09:48.992,-72.0,4.6181948980184164e-08,2022-12-23 04:09:48.991,-64.0,1.92599908567413e-08,2022-12-23 04:09:48.983,-63.0,4.830675226659639e-08,2022-12-23 04:09:48.993,-53.0,4.910063481316798e-09,2022-12-23 04:09:48.987,-64.0,3.227899749232517e-08,2022-12-23 04:09:48.986,-61.0,3.696890867081119e-08,2022-12-23 04:09:48.985,-58.0,2.8172823480435923e-08,2022-12-23 04:09:48.989,-56.0,2.7002013506290413e-08,2022-12-23 04:09:49.128,-64.0,3.234237467041282e-08,2022-12-23 04:09:49.129,-58.0,2.2432185402075725e-08,2022-12-23 04:09:49.128,-59.0,2.7395619138624228e-08,2022-12-23 04:09:49.124,-59.0,2.34295420467182e-08,2022-12-23 04:09:49.130,-66.0,4.8363458162780073e-08,2022-12-23 04:09:49.126,-66.0,7.53421221824066e-08,2022-12-23 04:09:49.125,-66.0,4.159544267120957e-08,2022-12-23 04:09:49.125,-71.0,6.31603614257701e-08,2022-12-23 04:09:49.127,-68.0,4.5274654641245177e-08,,,,,,,,,,2022-12-23 04:09:49.028,-60.0,4.986449659117175e-08,,,,,,,2022-12-23 04:09:49.031,-57.0,1.8596198307296976e-08,2022-12-23 04:09:49.030,-55.0,2.8563093471817762e-08,,,,,,,,,,,,,2022-12-23 04:09:49.027,-62.0,6.251991836298964e-08,,,,,,,,,,,,,,,,2022-12-23 04:09:49.229,-67.0,3.227899749232517e-08,2022-12-23 04:09:49.229,-67.0,5.445100290014634e-08,2022-12-23 04:09:49.228,-60.0,3.1141543927699473e-08,2022-12-23 04:09:49.225,-70.0,5.509811724483075e-08,2022-12-23 04:09:49.230,-61.0,3.11015162362757e-08,2022-12-23 04:09:49.227,-67.0,1.4686827111574636e-08,2022-12-23 04:09:49.226,-63.0,3.729580148410538e-08,2022-12-23 04:09:49.226,-63.0,2.3092642310568077e-08,2022-12-23 04:09:49.228,-54.0,1.3419283549821658e-08,,,,,,,,,,2022-12-23 04:09:49.082,-61.0,5.252967371180498e-08,,,,,,,,,,,,,,,,,,,,,,,,,2022-12-23 04:09:49.129,-51.0,2.509736252270896e-08,,,,,,,2022-12-23 04:09:49.132,-65.0,2.139813670696145e-08,2022-12-23 04:09:49.131,-68.0,7.638284215942483e-08,,,
101,2,1851.0,4036.0,2022-12-23 04:09:49.367,-59.0,2.7522373494799527e-08,2022-12-23 04:09:49.368,-57.0,1.939341649482056e-08,2022-12-23 04:09:49.366,-51.0,1.7271948849360313e-08,2022-12-23 04:09:49.362,-65.0,3.7752784294526847e-08,2022-12-23 04:09:49.368,-66.0,4.851022636466725e-08,2022-12-23 04:09:49.365,-75.0,6.58288741873553e-08,2022-12-23 04:09:49.364,-64.0,5.8143557433989886e-08,2022-12-23 04:09:49.364,-70.0,7.205318020375283e-08,2022-12-23 04:09:49.366,-64.0,5.1235445022436164e-08,2022-12-23 04:09:49.362,2022-12-23 04:09:49.564,-147.0,2.2702372319186228e-08,2022-12-23 04:09:49.565,-149.0,5.067839298345525e-08,2022-12-23 04:09:49.564,-150.0,5.7072816688403825e-09,2022-12-23 04:09:49.565,-146.0,1.802913934546012e-08,,,,,,,2022-12-23 04:09:49.565,-148.0,3.029429112589617e-08,2022-12-23 04:09:49.565,-150.0,3.8740134016313376e-08,2022-12-23 04:09:49.565,-150.0,2.926691371268586e-08,2022-12-23 04:09:49.282,-58.0,2.875989628798467e-08,2022-12-23 04:09:49.284,-71.0,4.337000365766373e-08,2022-12-23 04:09:49.281,-63.0,1.919327803770168e-08,2022-12-23 04:09:49.273,-64.0,4.870702918083416e-08,2022-12-23 04:09:49.285,-52.0,4.8166655346613164e-09,2022-12-23 04:09:49.278,-64.0,3.227899749232517e-08,2022-12-23 04:09:49.277,-61.0,3.5794763055713696e-08,2022-12-23 04:09:49.275,-57.0,2.8563093471817762e-08,2022-12-23 04:09:49.279,-57.0,2.9150166279366507e-08,2022-12-23 04:09:49.397,-65.0,3.0127509078297094e-08,2022-12-23 04:09:49.397,-58.0,2.2408835915411852e-08,2022-12-23 04:09:49.397,-59.0,-2.8466359884210296e-08,2022-12-23 04:09:49.394,-59.0,2.376977742382032e-08,2022-12-23 04:09:49.398,-66.0,4.6375416155399083e-08,2022-12-23 04:09:49.396,-66.0,7.65162677975041e-08,2022-12-23 04:09:49.395,-66.0,4.159544267120957e-08,2022-12-23 04:09:49.395,-71.0,6.345389782954446e-08,2022-12-23 04:09:49.396,-67.0,4.5861727448793935e-08,2022-12-23 04:09:49.354,-67.0,3.351652028551032e-08,2022-12-23 04:09:49.355,-63.0,4.265617649393968e-08,2022-12-23 04:09:49.353,-56.0,1.8749637791088128e-08,2022-12-23 04:09:49.348,-59.0,5.016803991780207e-08,2022-12-23 04:09:49.356,-53.0,1.254868126135448e-08,2022-12-23 04:09:49.352,-67.0,2.9540436270748346e-08,2022-12-23 04:09:49.351,-57.0,1.8499464719689512e-08,2022-12-23 04:09:49.350,-55.0,2.8563093471817762e-08,2022-12-23 04:09:49.352,-46.0,6.381081141140649e-09,2022-12-23 04:09:49.331,-70.0,4.703587306389143e-08,,,,2022-12-23 04:09:49.330,-71.0,3.8449933253490986e-08,2022-12-23 04:09:49.324,-63.0,6.301359322388292e-08,,,,2022-12-23 04:09:49.329,-60.0,1.0974258732019205e-08,2022-12-23 04:09:49.327,-66.0,5.0064635048290643e-08,2022-12-23 04:09:49.326,-57.0,7.848763160012518e-09,2022-12-23 04:09:49.329,-59.0,2.8172823480435923e-08,2022-12-23 04:09:49.229,-67.0,3.227899749232517e-08,2022-12-23 04:09:49.229,-67.0,5.445100290014634e-08,2022-12-23 04:09:49.228,-60.0,3.1141543927699473e-08,2022-12-23 04:09:49.225,-70.0,5.509811724483075e-08,2022-12-23 04:09:49.230,-61.0,3.11015162362757e-08,2022-12-23 04:09:49.227,-67.0,1.4686827111574636e-08,2022-12-23 04:09:49.226,-63.0,3.729580148410538e-08,2022-12-23 04:09:49.226,-63.0,2.3092642310568077e-08,2022-12-23 04:09:49.228,-54.0,1.3419283549821658e-08,2022-12-23 04:09:49.372,-61.0,1.99638110976094e-08,2022-12-23 04:09:49.373,-59.0,4.288967136057839e-08,2022-12-23 04:09:49.370,-58.0,2.7055383761522112e-08,2022-12-23 04:09:49.362,-62.0,5.630561926944807e-08,2022-12-23 04:09:49.374,-63.0,2.2932531544872952e-08,2022-12-23 04:09:49.368,-74.0,4.2929699052002166e-08,2022-12-23 04:09:49.366,-55.0,6.381081141140649e-09,2022-12-23 04:09:49.365,-62.0,3.312625029412848e-08,2022-12-23 04:09:49.369,-55.0,1.5143809921996103e-08,2022-12-23 04:09:49.455,-55.0,2.5437597899811084e-08,2022-12-23 04:09:49.456,-60.0,4.8677008412266336e-08,2022-12-23 04:09:49.455,-61.0,3.3196298754120094e-08,2022-12-23 04:09:49.449,-51.0,2.4276794848521505e-08,,,,2022-12-23 04:09:49.453,-76.0,7.547221217953389e-08,2022-12-23 04:09:49.452,-65.0,2.0747686721325056e-08,2022-12-23 04:09:49.452,-68.0,4.488438464986334e-08,2022-12-23 04:09:49.454,-65.0,4.6352066668735217e-08
101,2,1851.0,4036.0,2022-12-23 04:09:49.615,-60.0,2.7912643486181373e-08,2022-12-23 04:09:49.616,-58.0,1.9360060085300743e-08,2022-12-23 04:09:49.615,-51.0,1.765554755883819e-08,2022-12-23 04:09:49.611,-66.0,3.928384349148637e-08,2022-12-23 04:09:49.616,-64.0,4.9067278403648166e-08,2022-12-23 04:09:49.613,-75.0,6.540524778645367e-08,2022-12-23 04:09:49.612,-63.0,5.905418741388084e-08,2022-12-23 04:09:49.612,-70.0,7.224664737896777e-08,2022-12-23 04:09:49.614,-65.0,5.1432247838603066e-08,2022-12-23 04:09:49.611,2022-12-23 04:09:49.564,-147.0,2.2702372319186228e-08,2022-12-23 04:09:49.565,-149.0,5.067839298345525e-08,2022-12-23 04:09:49.564,-150.0,5.7072816688403825e-09,2022-12-23 04:09:49.565,-146.0,1.802913934546012e-08,,,,,,,2022-12-23 04:09:49.565,-148.0,3.029429112589617e-08,2022-12-23 04:09:49.565,-150.0,3.8740134016313376e-08,2022-12-23 04:09:49.565,-150.0,2.926691371268586e-08,2022-12-23 04:09:49.524,-58.0,2.9150166279366507e-08,2022-12-23 04:09:49.525,-71.0,4.325659186529636e-08,2022-12-23 04:09:49.523,-63.0,1.9803700331914288e-08,2022-12-23 04:09:49.517,-65.0,4.8410157136107814e-08,2022-12-23 04:09:49.526,-52.0,5.013468350828226e-09,2022-12-23 04:09:49.521,-64.0,3.2375731079932635e-08,2022-12-23 04:09:49.519,-61.0,3.6285102275654984e-08,2022-12-23 04:09:49.518,-57.0,2.7652463491926805e-08,2022-12-23 04:09:49.522,-56.0,2.8956699104151584e-08,2022-12-23 04:09:49.397,-65.0,3.0127509078297094e-08,2022-12-23 04:09:49.397,-58.0,2.2408835915411852e-08,2022-12-23 04:09:49.397,-59.0,-2.8466359884210296e-08,2022-12-23 04:09:49.394,-59.0,2.376977742382032e-08,2022-12-23 04:09:49.398,-66.0,4.6375416155399083e-08,2022-12-23 04:09:49.396,-66.0,7.65162677975041e-08,2022-12-23 04:09:49.395,-66.0,4.159544267120957e-08,2022-12-23 04:09:49.395,-71.0,6.345389782954446e-08,2022-12-23 04:09:49.396,-67.0,4.5861727448793935e-08,2022-12-23 04:09:49.599,-67.0,2.8956699104151584e-08,2022-12-23 04:09:49.599,-63.0,4.163880600358532e-08,2022-12-23 04:09:49.598,-57.0,1.9336710598636886e-08,2022-12-23 04:09:49.594,-60.0,4.9487569163597854e-08,2022-12-23 04:09:49.600,-53.0,1.2505317928978722e-08,2022-12-23 04:09:49.597,-66.0,2.9346969095533416e-08,2022-12-23 04:09:49.596,-57.0,1.810919472830768e-08,2022-12-23 04:09:49.595,-56.0,2.88266091070243e-08,2022-12-23 04:09:49.597,-47.0,6.381081141140649e-09,2022-12-23 04:09:49.613,-69.0,5.309339703268986e-08,2022-12-23 04:09:49.614,-68.0,6.09188107060385e-08,2022-12-23 04:09:49.612,-70.0,3.8630057864898e-08,2022-12-23 04:09:49.606,-63.0,6.22564027277831e-08,2022-12-23 04:09:49.615,-62.0,2.9163508843174435e-08,2022-12-23 04:09:49.610,-60.0,1.0714078737764644e-08,2022-12-23 04:09:49.609,-66.0,4.3420038271943455e-08,2022-12-23 04:09:49.608,-57.0,7.945496747619981e-09,2022-12-23 04:09:49.611,-58.0,2.8563093471817762e-08,,,,,,,,,,2022-12-23 04:09:49.509,-70.0,5.7603183599768894e-08,,,,,,,,,,,,,,,,2022-12-23 04:09:49.605,-61.0,2.0844420308932523e-08,2022-12-23 04:09:49.606,-59.0,6.193951683734485e-08,2022-12-23 04:09:49.603,-57.0,2.730889247387272e-08,2022-12-23 04:09:49.593,-61.0,4.9097299172216e-08,2022-12-23 04:09:49.608,-62.0,2.4366857154225013e-08,2022-12-23 04:09:49.600,-73.0,5.6839321821765124e-08,2022-12-23 04:09:49.598,-54.0,6.087544737366274e-09,2022-12-23 04:09:49.596,-62.0,3.3256340291255766e-08,2022-12-23 04:09:49.602,-56.0,1.5013719924868824e-08,2022-12-23 04:09:49.720,-55.0,2.8433003474690484e-08,2022-12-23 04:09:49.720,-59.0,4.7846433815222935e-08,2022-12-23 04:09:49.718,-61.0,3.14984575095615e-08,2022-12-23 04:09:49.714,-50.0,2.380313383334013e-08,2022-12-23 04:09:49.721,-65.0,4.073151166464636e-08,2022-12-23 04:09:49.717,-76.0,7.625275216229756e-08,2022-12-23 04:09:49.716,-65.0,2.0617596724197778e-08,2022-12-23 04:09:49.715,-68.0,4.537472386980462e-08,2022-12-23 04:09:49.717,-66.0,4.6742336660117046e-08
101,2,1851.0,4036.0,2022-12-23 04:09:49.842,-61.0,2.7782553489054084e-08,2022-12-23 04:09:49.843,-58.0,1.9133236500566e-08,2022-12-23 04:09:49.842,-52.0,1.8622883434912832e-08,2022-12-23 04:09:49.838,-66.0,3.530108819482043e-08,2022-12-23 04:09:49.844,-66.0,4.727937485338608e-08,2022-12-23 04:09:49.840,-76.0,6.55053170150131e-08,2022-12-23 04:09:49.840,-64.0,5.8273647431117184e-08,2022-12-23 04:09:49.839,-70.0,7.224664737896777e-08,2022-12-23 04:09:49.841,-64.0,5.1528981426210536e-08,2022-12-23 04:09:49.838,2022-12-23 04:09:49.856,-151.0,2.2308766686852412e-08,2022-12-23 04:09:49.858,-147.0,5.118207476720445e-08,2022-12-23 04:09:49.859,-145.0,6.061860302036018e-08,2022-12-23 04:09:49.857,-149.0,1.7782301915013486e-08,,,,2022-12-23 04:09:49.859,-150.0,3.2125558008534026e-08,2022-12-23 04:09:49.857,-148.0,2.7448989393855934e-08,2022-12-23 04:09:49.858,-147.0,3.872679145250545e-08,2022-12-23 04:09:49.856,-149.0,2.7195480681505336e-08,2022-12-23 04:09:49.814,-58.0,2.8563093471817762e-08,,,,2022-12-23 04:09:49.813,-64.0,1.9390080853868585e-08,2022-12-23 04:09:49.808,-65.0,4.8440177904675646e-08,,,,2022-12-23 04:09:49.811,-65.0,3.2375731079932635e-08,2022-12-23 04:09:49.810,-62.0,4.96743650569088e-08,2022-12-23 04:09:49.809,-59.0,2.8172823480435923e-08,2022-12-23 04:09:49.812,-56.0,2.885662987559213e-08,,,,,,,,,,2022-12-23 04:09:49.947,-59.0,2.37197428095406e-08,,,,2022-12-23 04:09:49.950,-66.0,7.53421221824066e-08,2022-12-23 04:09:49.949,-64.0,4.1465352674082287e-08,2022-12-23 04:09:49.949,-71.0,6.36473650047594e-08,,,,2022-12-23 04:09:49.868,-70.0,2.7392283497672245e-08,2022-12-23 04:09:49.869,-63.0,4.218251547875831e-08,2022-12-23 04:09:49.868,-56.0,1.8622883434912832e-08,2022-12-23 04:09:49.863,-61.0,4.986449659117175e-08,2022-12-23 04:09:49.870,-53.0,1.224513793472416e-08,2022-12-23 04:09:49.866,-66.0,2.9540436270748346e-08,2022-12-23 04:09:49.865,-57.0,1.800912549974823e-08,2022-12-23 04:09:49.864,-56.0,2.83029134775632e-08,2022-12-23 04:09:49.867,-47.0,6.381081141140649e-09,2022-12-23 04:09:49.872,-70.0,5.1528981426210536e-08,2022-12-23 04:09:49.873,-68.0,6.055189020132055e-08,2022-12-23 04:09:49.872,-71.0,3.835653530683551e-08,2022-12-23 04:09:49.867,-62.0,6.255994605441341e-08,2022-12-23 04:09:49.874,-63.0,2.9590470885028072e-08,2022-12-23 04:09:49.870,-61.0,3.415696334829076e-09,2022-12-23 04:09:49.870,-66.0,3.8206431463996343e-08,2022-12-23 04:09:49.869,-57.0,7.358423940071234e-09,2022-12-23 04:09:49.871,-59.0,2.88266091070243e-08,2022-12-23 04:09:49.759,-68.0,3.2178928263765726e-08,2022-12-23 04:09:49.760,-68.0,5.4544400846801823e-08,2022-12-23 04:09:49.758,-61.0,3.1538485200985275e-08,2022-12-23 04:09:49.754,-70.0,5.7840014107359585e-08,2022-12-23 04:09:49.760,-59.0,3.1021460853428143e-08,2022-12-23 04:09:49.756,-67.0,1.4590093523967171e-08,2022-12-23 04:09:49.756,-62.0,3.7686071475487216e-08,2022-12-23 04:09:49.755,-63.0,2.3482912301949906e-08,2022-12-23 04:09:49.757,-55.0,1.357939431551677e-08,2022-12-23 04:09:49.863,-61.0,1.9573541106227563e-08,2022-12-23 04:09:49.865,-57.0,4.3089809817697284e-08,2022-12-23 04:09:49.861,-58.0,2.643495454445355e-08,2022-12-23 04:09:49.853,-62.0,5.2819874474627387e-08,2022-12-23 04:09:49.866,-64.0,2.42601166437616e-08,2022-12-23 04:09:49.858,-75.0,3.9217130672446746e-08,2022-12-23 04:09:49.857,-54.0,6.284347553533185e-09,2022-12-23 04:09:49.855,-62.0,3.3256340291255766e-08,2022-12-23 04:09:49.859,-56.0,1.527389991912338e-08,2022-12-23 04:09:49.720,-55.0,2.8433003474690484e-08,2022-12-23 04:09:49.720,-59.0,4.7846433815222935e-08,2022-12-23 04:09:49.718,-61.0,3.14984575095615e-08,2022-12-23 04:09:49.714,-50.0,2.380313383334013e-08,2022-12-23 04:09:49.721,-65.0,4.073151166464636e-08,2022-12-23 04:09:49.717,-76.0,7.625275216229756e-08,2022-12-23 04:09:49.716,-65.0,2.0617596724197778e-08,2022-12-23 04:09:49.715,-68.0,4.537472386980462e-08,2022-12-23 04:09:49.717,-66.0,4.6742336660117046e-08
